
[HOST 2026-09-28T17:41:41.489663] AT+VER

VER=1.0.1
OK
SAT> 
[HOST 2026-09-28T17:41:44.564547] AT+STOP

[22109] [INFO] [TRM] [trm_core.c:1390:TRM_StopFrequencySweep] TRM: Frequency sweep stopped
[22110] [INFO] [TRM] [trm_core.c:243:TRM_Deinit] Start TRM system cleanup
[22111] [INFO] [TRM] [trm_core.c:256:TRM_Deinit] Beam management cleaned
[22112] [INFO] [TRM] [trm_core.c:260:TRM_Deinit] TX queue cleaned
[22113] [INFO] [TRM] [trm_core.c:265:TRM_Deinit] TRM system cleaned, state: UNINIT
[22134] [INFO] [TRM] [tk8710_sat_payload_app.c:1245:SatPayloadApp_Stop] SAT APP stopped and returned to control-ready
OK result=0
SAT> 
[HOST 2026-09-28T17:41:47.658010] AT+SETPARAM=6,0,11776,0,0,0,0,22,69536,509100000,126,42,255,255

[25203] [INFO] [TRM] [tk8710_sat_payload_app.c:1208:SatPayloadApp_SetWorkParams] SAT APP work params accepted: freq=509100000 rate=6 rfMask=0xFF
OK result=0
SAT> 
[HOST 2026-09-28T17:41:50.734924] AT+SETMODE=7

28441 [INFO] [CONFIG] Run ACM auto-gain...

28462 [INFO] [CONFIG] === ACM SNR values ===

28463 [INFO] [CONFIG] Antenna0: TX0_SNR=21, RX0_SNR=26, TX1_SNR=26, RX1_SNR=22

28464 [INFO] [CONFIG] Antenna1: TX0_SNR=23, RX0_SNR=21, TX1_SNR=29, RX1_SNR=20

28465 [INFO] [CONFIG] Antenna2: TX0_SNR=21, RX0_SNR=21, TX1_SNR=26, RX1_SNR=22

28466 [INFO] [CONFIG] Antenna3: TX0_SNR=20, RX0_SNR=26, TX1_SNR=25, RX1_SNR=23

28467 [INFO] [CONFIG] Antenna4: TX0_SNR=27, RX0_SNR=33, TX1_SNR=32, RX1_SNR=29

28468 [INFO] [CONFIG] Antenna5: TX0_SNR=29, RX0_SNR=-2, TX1_SNR=35, RX1_SNR=6

28469 [INFO] [CONFIG] Antenna6: TX0_SNR=23, RX0_SNR=21, TX1_SNR=29, RX1_SNR=23

28470 [INFO] [CONFIG] Antenna7: TX0_SNR=21, RX0_SNR=25, TX1_SNR=27, RX1_SNR=26

28471 [INFO] [CONFIG] Valid SNR count: 3 (threshold: 32)

28492 [INFO] [CONFIG] === ACM SNR values ===

28492 [INFO] [CONFIG] Antenna0: TX0_SNR=25, RX0_SNR=25, TX1_SNR=26, RX1_SNR=23

28493 [INFO] [CONFIG] Antenna1: TX0_SNR=26, RX0_SNR=22, TX1_SNR=28, RX1_SNR=23

28494 [INFO] [CONFIG] Antenna2: TX0_SNR=24, RX0_SNR=21, TX1_SNR=26, RX1_SNR=19

28495 [INFO] [CONFIG] Antenna3: TX0_SNR=23, RX0_SNR=24, TX1_SNR=24, RX1_SNR=26

28496 [INFO] [CONFIG] Antenna4: TX0_SNR=30, RX0_SNR=32, TX1_SNR=32, RX1_SNR=31

28497 [INFO] [CONFIG] Antenna5: TX0_SNR=32, RX0_SNR=6, TX1_SNR=34, RX1_SNR=6

28498 [INFO] [CONFIG] Antenna6: TX0_SNR=26, RX0_SNR=25, TX1_SNR=28, RX1_SNR=23

28499 [INFO] [CONFIG] Antenna7: TX0_SNR=25, RX0_SNR=23, TX1_SNR=27, RX1_SNR=26

28500 [INFO] [CONFIG] Valid SNR count: 4 (threshold: 32)

28521 [INFO] [CONFIG] === ACM SNR values ===

28521 [INFO] [CONFIG] Antenna0: TX0_SNR=25, RX0_SNR=20, TX1_SNR=26, RX1_SNR=21

28522 [INFO] [CONFIG] Antenna1: TX0_SNR=28, RX0_SNR=23, TX1_SNR=28, RX1_SNR=18

28523 [INFO] [CONFIG] Antenna2: TX0_SNR=25, RX0_SNR=24, TX1_SNR=26, RX1_SNR=22

28524 [INFO] [CONFIG] Antenna3: TX0_SNR=24, RX0_SNR=28, TX1_SNR=25, RX1_SNR=27

28525 [INFO] [CONFIG] Antenna4: TX0_SNR=32, RX0_SNR=35, TX1_SNR=32, RX1_SNR=32

28526 [INFO] [CONFIG] Antenna5: TX0_SNR=34, RX0_SNR=4, TX1_SNR=34, RX1_SNR=5

28527 [INFO] [CONFIG] Antenna6: TX0_SNR=27, RX0_SNR=25, TX1_SNR=28, RX1_SNR=22

28528 [INFO] [CONFIG] Antenna7: TX0_SNR=26, RX0_SNR=27, TX1_SNR=27, RX1_SNR=26

28529 [INFO] [CONFIG] Valid SNR count: 6 (threshold: 32)

28550 [INFO] [CONFIG] === ACM SNR values ===

28551 [INFO] [CONFIG] Antenna0: TX0_SNR=24, RX0_SNR=24, TX1_SNR=26, RX1_SNR=19

28552 [INFO] [CONFIG] Antenna1: TX0_SNR=26, RX0_SNR=22, TX1_SNR=29, RX1_SNR=22

28553 [INFO] [CONFIG] Antenna2: TX0_SNR=24, RX0_SNR=20, TX1_SNR=27, RX1_SNR=21

28554 [INFO] [CONFIG] Antenna3: TX0_SNR=22, RX0_SNR=25, TX1_SNR=26, RX1_SNR=27

28555 [INFO] [CONFIG] Antenna4: TX0_SNR=30, RX0_SNR=32, TX1_SNR=33, RX1_SNR=30

28556 [INFO] [CONFIG] Antenna5: TX0_SNR=32, RX0_SNR=3, TX1_SNR=35, RX1_SNR=6

28557 [INFO] [CONFIG] Antenna6: TX0_SNR=26, RX0_SNR=24, TX1_SNR=29, RX1_SNR=23

28558 [INFO] [CONFIG] Antenna7: TX0_SNR=25, RX0_SNR=26, TX1_SNR=28, RX1_SNR=26

28559 [INFO] [CONFIG] Valid SNR count: 4 (threshold: 32)

28580 [INFO] [CONFIG] === ACM SNR values ===

28580 [INFO] [CONFIG] Antenna0: TX0_SNR=23, RX0_SNR=23, TX1_SNR=24, RX1_SNR=19

28581 [INFO] [CONFIG] Antenna1: TX0_SNR=26, RX0_SNR=23, TX1_SNR=27, RX1_SNR=20

28582 [INFO] [CONFIG] Antenna2: TX0_SNR=24, RX0_SNR=20, TX1_SNR=24, RX1_SNR=23

28583 [INFO] [CONFIG] Antenna3: TX0_SNR=22, RX0_SNR=24, TX1_SNR=23, RX1_SNR=21

28584 [INFO] [CONFIG] Antenna4: TX0_SNR=30, RX0_SNR=32, TX1_SNR=31, RX1_SNR=31

28585 [INFO] [CONFIG] Antenna5: TX0_SNR=32, RX0_SNR=2, TX1_SNR=33, RX1_SNR=5

28586 [INFO] [CONFIG] Antenna6: TX0_SNR=25, RX0_SNR=23, TX1_SNR=27, RX1_SNR=23

28587 [INFO] [CONFIG] Antenna7: TX0_SNR=25, RX0_SNR=25, TX1_SNR=26, RX1_SNR=24

28588 [INFO] [CONFIG] Valid SNR count: 3 (threshold: 32)

28609 [INFO] [CONFIG] === ACM SNR values ===

28610 [INFO] [CONFIG] Antenna0: TX0_SNR=33, RX0_SNR=26, TX1_SNR=32, RX1_SNR=28

28611 [INFO] [CONFIG] Antenna1: TX0_SNR=35, RX0_SNR=26, TX1_SNR=34, RX1_SNR=26

28612 [INFO] [CONFIG] Antenna2: TX0_SNR=33, RX0_SNR=29, TX1_SNR=31, RX1_SNR=26

28613 [INFO] [CONFIG] Antenna3: TX0_SNR=32, RX0_SNR=31, TX1_SNR=30, RX1_SNR=31

28614 [INFO] [CONFIG] Antenna4: TX0_SNR=39, RX0_SNR=36, TX1_SNR=38, RX1_SNR=41

28614 [INFO] [CONFIG] Antenna5: TX0_SNR=41, RX0_SNR=5, TX1_SNR=40, RX1_SNR=6

28615 [INFO] [CONFIG] Antenna6: TX0_SNR=29, RX0_SNR=33, TX1_SNR=34, RX1_SNR=29

28616 [INFO] [CONFIG] Antenna7: TX0_SNR=34, RX0_SNR=29, TX1_SNR=27, RX1_SNR=32

28617 [INFO] [CONFIG] Valid SNR count: 16 (threshold: 32)

28638 [INFO] [CONFIG] === ACM SNR values ===

28639 [INFO] [CONFIG] Antenna0: TX0_SNR=29, RX0_SNR=28, TX1_SNR=36, RX1_SNR=27

28640 [INFO] [CONFIG] Antenna1: TX0_SNR=31, RX0_SNR=28, TX1_SNR=38, RX1_SNR=28

28641 [INFO] [CONFIG] Antenna2: TX0_SNR=29, RX0_SNR=30, TX1_SNR=36, RX1_SNR=27

28642 [INFO] [CONFIG] Antenna3: TX0_SNR=28, RX0_SNR=29, TX1_SNR=35, RX1_SNR=28

28643 [INFO] [CONFIG] Antenna4: TX0_SNR=35, RX0_SNR=40, TX1_SNR=42, RX1_SNR=37

28644 [INFO] [CONFIG] Antenna5: TX0_SNR=37, RX0_SNR=4, TX1_SNR=44, RX1_SNR=5

28645 [INFO] [CONFIG] Antenna6: TX0_SNR=25, RX0_SNR=29, TX1_SNR=38, RX1_SNR=30

28646 [INFO] [CONFIG] Antenna7: TX0_SNR=30, RX0_SNR=33, TX1_SNR=31, RX1_SNR=36

28647 [INFO] [CONFIG] Valid SNR count: 13 (threshold: 32)

28668 [INFO] [CONFIG] === ACM SNR values ===

28668 [INFO] [CONFIG] Antenna0: TX0_SNR=31, RX0_SNR=29, TX1_SNR=30, RX1_SNR=26

28669 [INFO] [CONFIG] Antenna1: TX0_SNR=33, RX0_SNR=27, TX1_SNR=32, RX1_SNR=28

28670 [INFO] [CONFIG] Antenna2: TX0_SNR=30, RX0_SNR=28, TX1_SNR=30, RX1_SNR=28

28671 [INFO] [CONFIG] Antenna3: TX0_SNR=29, RX0_SNR=26, TX1_SNR=29, RX1_SNR=30

28672 [INFO] [CONFIG] Antenna4: TX0_SNR=37, RX0_SNR=39, TX1_SNR=36, RX1_SNR=38

28673 [INFO] [CONFIG] Antenna5: TX0_SNR=39, RX0_SNR=5, TX1_SNR=38, RX1_SNR=4

28674 [INFO] [CONFIG] Antenna6: TX0_SNR=27, RX0_SNR=31, TX1_SNR=33, RX1_SNR=29

28675 [INFO] [CONFIG] Antenna7: TX0_SNR=32, RX0_SNR=30, TX1_SNR=25, RX1_SNR=30

28676 [INFO] [CONFIG] Valid SNR count: 10 (threshold: 32)

28697 [INFO] [CONFIG] === ACM SNR values ===

28698 [INFO] [CONFIG] Antenna0: TX0_SNR=34, RX0_SNR=28, TX1_SNR=32, RX1_SNR=27

28699 [INFO] [CONFIG] Antenna1: TX0_SNR=36, RX0_SNR=27, TX1_SNR=34, RX1_SNR=26

28700 [INFO] [CONFIG] Antenna2: TX0_SNR=33, RX0_SNR=31, TX1_SNR=31, RX1_SNR=29

28701 [INFO] [CONFIG] Antenna3: TX0_SNR=32, RX0_SNR=29, TX1_SNR=30, RX1_SNR=26

28702 [INFO] [CONFIG] Antenna4: TX0_SNR=40, RX0_SNR=40, TX1_SNR=38, RX1_SNR=37

28703 [INFO] [CONFIG] Antenna5: TX0_SNR=42, RX0_SNR=5, TX1_SNR=40, RX1_SNR=5

28704 [INFO] [CONFIG] Antenna6: TX0_SNR=30, RX0_SNR=34, TX1_SNR=34, RX1_SNR=30

28705 [INFO] [CONFIG] Antenna7: TX0_SNR=35, RX0_SNR=30, TX1_SNR=27, RX1_SNR=32

28706 [INFO] [CONFIG] Valid SNR count: 16 (threshold: 32)

28726 [INFO] [CONFIG] === ACM SNR values ===

28727 [INFO] [CONFIG] Antenna0: TX0_SNR=31, RX0_SNR=28, TX1_SNR=31, RX1_SNR=27

28728 [INFO] [CONFIG] Antenna1: TX0_SNR=33, RX0_SNR=26, TX1_SNR=33, RX1_SNR=28

28729 [INFO] [CONFIG] Antenna2: TX0_SNR=30, RX0_SNR=30, TX1_SNR=31, RX1_SNR=27

28730 [INFO] [CONFIG] Antenna3: TX0_SNR=30, RX0_SNR=31, TX1_SNR=30, RX1_SNR=30

28731 [INFO] [CONFIG] Antenna4: TX0_SNR=37, RX0_SNR=37, TX1_SNR=37, RX1_SNR=36

28732 [INFO] [CONFIG] Antenna5: TX0_SNR=39, RX0_SNR=5, TX1_SNR=39, RX1_SNR=4

28733 [INFO] [CONFIG] Antenna6: TX0_SNR=27, RX0_SNR=31, TX1_SNR=33, RX1_SNR=27

28734 [INFO] [CONFIG] Antenna7: TX0_SNR=32, RX0_SNR=31, TX1_SNR=26, RX1_SNR=31

28735 [INFO] [CONFIG] Valid SNR count: 10 (threshold: 32)

28756 [INFO] [CONFIG] === ACM SNR values ===

28756 [INFO] [CONFIG] Antenna0: TX0_SNR=33, RX0_SNR=32, TX1_SNR=34, RX1_SNR=33

28757 [INFO] [CONFIG] Antenna1: TX0_SNR=35, RX0_SNR=32, TX1_SNR=37, RX1_SNR=31

28758 [INFO] [CONFIG] Antenna2: TX0_SNR=33, RX0_SNR=31, TX1_SNR=34, RX1_SNR=29

28759 [INFO] [CONFIG] Antenna3: TX0_SNR=32, RX0_SNR=35, TX1_SNR=33, RX1_SNR=31

28760 [INFO] [CONFIG] Antenna4: TX0_SNR=39, RX0_SNR=40, TX1_SNR=41, RX1_SNR=41

28761 [INFO] [CONFIG] Antenna5: TX0_SNR=41, RX0_SNR=5, TX1_SNR=43, RX1_SNR=5

28762 [INFO] [CONFIG] Antenna6: TX0_SNR=25, RX0_SNR=33, TX1_SNR=37, RX1_SNR=36

28763 [INFO] [CONFIG] Antenna7: TX0_SNR=34, RX0_SNR=38, TX1_SNR=26, RX1_SNR=34

28764 [INFO] [CONFIG] Valid SNR count: 24 (threshold: 32)

28785 [INFO] [CONFIG] === ACM SNR values ===

28786 [INFO] [CONFIG] Antenna0: TX0_SNR=34, RX0_SNR=34, TX1_SNR=34, RX1_SNR=31

28787 [INFO] [CONFIG] Antenna1: TX0_SNR=37, RX0_SNR=33, TX1_SNR=36, RX1_SNR=33

28788 [INFO] [CONFIG] Antenna2: TX0_SNR=34, RX0_SNR=33, TX1_SNR=34, RX1_SNR=30

28789 [INFO] [CONFIG] Antenna3: TX0_SNR=33, RX0_SNR=33, TX1_SNR=33, RX1_SNR=32

28790 [INFO] [CONFIG] Antenna4: TX0_SNR=41, RX0_SNR=42, TX1_SNR=40, RX1_SNR=41

28791 [INFO] [CONFIG] Antenna5: TX0_SNR=43, RX0_SNR=5, TX1_SNR=42, RX1_SNR=5

28792 [INFO] [CONFIG] Antenna6: TX0_SNR=27, RX0_SNR=34, TX1_SNR=37, RX1_SNR=35

28793 [INFO] [CONFIG] Antenna7: TX0_SNR=36, RX0_SNR=37, TX1_SNR=26, RX1_SNR=34

28794 [INFO] [CONFIG] Valid SNR count: 26 (threshold: 32)

28815 [INFO] [CONFIG] === ACM SNR values ===

28815 [INFO] [CONFIG] Antenna0: TX0_SNR=37, RX0_SNR=32, TX1_SNR=37, RX1_SNR=31

28816 [INFO] [CONFIG] Antenna1: TX0_SNR=39, RX0_SNR=31, TX1_SNR=39, RX1_SNR=29

28817 [INFO] [CONFIG] Antenna2: TX0_SNR=37, RX0_SNR=31, TX1_SNR=36, RX1_SNR=29

28818 [INFO] [CONFIG] Antenna3: TX0_SNR=36, RX0_SNR=34, TX1_SNR=35, RX1_SNR=32

28819 [INFO] [CONFIG] Antenna4: TX0_SNR=44, RX0_SNR=45, TX1_SNR=43, RX1_SNR=42

28820 [INFO] [CONFIG] Antenna5: TX0_SNR=45, RX0_SNR=6, TX1_SNR=45, RX1_SNR=5

28821 [INFO] [CONFIG] Antenna6: TX0_SNR=30, RX0_SNR=37, TX1_SNR=39, RX1_SNR=33

28822 [INFO] [CONFIG] Antenna7: TX0_SNR=38, RX0_SNR=34, TX1_SNR=28, RX1_SNR=37

28823 [INFO] [CONFIG] Valid SNR count: 23 (threshold: 32)

28844 [INFO] [CONFIG] === ACM SNR values ===

28845 [INFO] [CONFIG] Antenna0: TX0_SNR=37, RX0_SNR=33, TX1_SNR=36, RX1_SNR=31

28846 [INFO] [CONFIG] Antenna1: TX0_SNR=39, RX0_SNR=34, TX1_SNR=38, RX1_SNR=31

28847 [INFO] [CONFIG] Antenna2: TX0_SNR=37, RX0_SNR=32, TX1_SNR=36, RX1_SNR=33

28848 [INFO] [CONFIG] Antenna3: TX0_SNR=36, RX0_SNR=37, TX1_SNR=35, RX1_SNR=35

28849 [INFO] [CONFIG] Antenna4: TX0_SNR=44, RX0_SNR=39, TX1_SNR=42, RX1_SNR=40

28850 [INFO] [CONFIG] Antenna5: TX0_SNR=45, RX0_SNR=5, TX1_SNR=44, RX1_SNR=5

28850 [INFO] [CONFIG] Antenna6: TX0_SNR=30, RX0_SNR=37, TX1_SNR=39, RX1_SNR=33

28851 [INFO] [CONFIG] Antenna7: TX0_SNR=39, RX0_SNR=34, TX1_SNR=28, RX1_SNR=36

28852 [INFO] [CONFIG] Valid SNR count: 26 (threshold: 32)

28873 [INFO] [CONFIG] === ACM SNR values ===

28874 [INFO] [CONFIG] Antenna0: TX0_SNR=34, RX0_SNR=33, TX1_SNR=34, RX1_SNR=34

28875 [INFO] [CONFIG] Antenna1: TX0_SNR=37, RX0_SNR=30, TX1_SNR=36, RX1_SNR=30

28876 [INFO] [CONFIG] Antenna2: TX0_SNR=34, RX0_SNR=32, TX1_SNR=34, RX1_SNR=29

28877 [INFO] [CONFIG] Antenna3: TX0_SNR=33, RX0_SNR=34, TX1_SNR=32, RX1_SNR=30

28878 [INFO] [CONFIG] Antenna4: TX0_SNR=41, RX0_SNR=41, TX1_SNR=40, RX1_SNR=41

28879 [INFO] [CONFIG] Antenna5: TX0_SNR=43, RX0_SNR=6, TX1_SNR=42, RX1_SNR=6

28880 [INFO] [CONFIG] Antenna6: TX0_SNR=27, RX0_SNR=34, TX1_SNR=36, RX1_SNR=31

28881 [INFO] [CONFIG] Antenna7: TX0_SNR=36, RX0_SNR=33, TX1_SNR=25, RX1_SNR=34

28882 [INFO] [CONFIG] Valid SNR count: 23 (threshold: 32)

28903 [INFO] [CONFIG] === ACM SNR values ===

28903 [INFO] [CONFIG] Antenna0: TX0_SNR=37, RX0_SNR=35, TX1_SNR=39, RX1_SNR=34

28904 [INFO] [CONFIG] Antenna1: TX0_SNR=39, RX0_SNR=35, TX1_SNR=41, RX1_SNR=34

28905 [INFO] [CONFIG] Antenna2: TX0_SNR=36, RX0_SNR=33, TX1_SNR=39, RX1_SNR=34

28906 [INFO] [CONFIG] Antenna3: TX0_SNR=35, RX0_SNR=38, TX1_SNR=38, RX1_SNR=36

28907 [INFO] [CONFIG] Antenna4: TX0_SNR=43, RX0_SNR=43, TX1_SNR=45, RX1_SNR=42

28908 [INFO] [CONFIG] Antenna5: TX0_SNR=45, RX0_SNR=7, TX1_SNR=47, RX1_SNR=7

28909 [INFO] [CONFIG] Antenna6: TX0_SNR=27, RX0_SNR=37, TX1_SNR=41, RX1_SNR=35

28910 [INFO] [CONFIG] Antenna7: TX0_SNR=38, RX0_SNR=37, TX1_SNR=28, RX1_SNR=39

28911 [INFO] [CONFIG] Valid SNR count: 28 (threshold: 32)

28932 [INFO] [CONFIG] === ACM SNR values ===

28933 [INFO] [CONFIG] Antenna0: TX0_SNR=35, RX0_SNR=38, TX1_SNR=37, RX1_SNR=34

28934 [INFO] [CONFIG] Antenna1: TX0_SNR=37, RX0_SNR=34, TX1_SNR=39, RX1_SNR=31

28935 [INFO] [CONFIG] Antenna2: TX0_SNR=35, RX0_SNR=33, TX1_SNR=36, RX1_SNR=34

28936 [INFO] [CONFIG] Antenna3: TX0_SNR=34, RX0_SNR=35, TX1_SNR=35, RX1_SNR=35

28937 [INFO] [CONFIG] Antenna4: TX0_SNR=41, RX0_SNR=44, TX1_SNR=43, RX1_SNR=41

28938 [INFO] [CONFIG] Antenna5: TX0_SNR=43, RX0_SNR=7, TX1_SNR=45, RX1_SNR=6

28939 [INFO] [CONFIG] Antenna6: TX0_SNR=25, RX0_SNR=35, TX1_SNR=39, RX1_SNR=35

28940 [INFO] [CONFIG] Antenna7: TX0_SNR=36, RX0_SNR=34, TX1_SNR=26, RX1_SNR=37

28941 [INFO] [CONFIG] Valid SNR count: 27 (threshold: 32)

28962 [INFO] [CONFIG] === ACM SNR values ===

28962 [INFO] [CONFIG] Antenna0: TX0_SNR=37, RX0_SNR=35, TX1_SNR=36, RX1_SNR=36

28963 [INFO] [CONFIG] Antenna1: TX0_SNR=39, RX0_SNR=34, TX1_SNR=38, RX1_SNR=35

28964 [INFO] [CONFIG] Antenna2: TX0_SNR=37, RX0_SNR=35, TX1_SNR=35, RX1_SNR=32

28965 [INFO] [CONFIG] Antenna3: TX0_SNR=36, RX0_SNR=35, TX1_SNR=34, RX1_SNR=36

28966 [INFO] [CONFIG] Antenna4: TX0_SNR=43, RX0_SNR=45, TX1_SNR=42, RX1_SNR=43

28967 [INFO] [CONFIG] Antenna5: TX0_SNR=45, RX0_SNR=6, TX1_SNR=44, RX1_SNR=7

28968 [INFO] [CONFIG] Antenna6: TX0_SNR=27, RX0_SNR=37, TX1_SNR=38, RX1_SNR=36

28969 [INFO] [CONFIG] Antenna7: TX0_SNR=38, RX0_SNR=34, TX1_SNR=25, RX1_SNR=36

28970 [INFO] [CONFIG] Valid SNR count: 28 (threshold: 32)

28991 [INFO] [CONFIG] === ACM SNR values ===

28991 [INFO] [CONFIG] Antenna0: TX0_SNR=38, RX0_SNR=35, TX1_SNR=33, RX1_SNR=36

28992 [INFO] [CONFIG] Antenna1: TX0_SNR=40, RX0_SNR=35, TX1_SNR=36, RX1_SNR=34

28993 [INFO] [CONFIG] Antenna2: TX0_SNR=37, RX0_SNR=37, TX1_SNR=33, RX1_SNR=33

28994 [INFO] [CONFIG] Antenna3: TX0_SNR=36, RX0_SNR=39, TX1_SNR=32, RX1_SNR=36

28995 [INFO] [CONFIG] Antenna4: TX0_SNR=44, RX0_SNR=42, TX1_SNR=40, RX1_SNR=43

28996 [INFO] [CONFIG] Antenna5: TX0_SNR=46, RX0_SNR=8, TX1_SNR=42, RX1_SNR=7

28997 [INFO] [CONFIG] Antenna6: TX0_SNR=28, RX0_SNR=38, TX1_SNR=36, RX1_SNR=37

28998 [INFO] [CONFIG] Antenna7: TX0_SNR=39, RX0_SNR=37, TX1_SNR=23, RX1_SNR=33

28999 [INFO] [CONFIG] Valid SNR count: 28 (threshold: 32)

29020 [INFO] [CONFIG] === ACM SNR values ===

29021 [INFO] [CONFIG] Antenna0: TX0_SNR=35, RX0_SNR=34, TX1_SNR=35, RX1_SNR=34

29022 [INFO] [CONFIG] Antenna1: TX0_SNR=37, RX0_SNR=36, TX1_SNR=37, RX1_SNR=30

29023 [INFO] [CONFIG] Antenna2: TX0_SNR=35, RX0_SNR=33, TX1_SNR=35, RX1_SNR=35

29024 [INFO] [CONFIG] Antenna3: TX0_SNR=34, RX0_SNR=37, TX1_SNR=34, RX1_SNR=36

29025 [INFO] [CONFIG] Antenna4: TX0_SNR=41, RX0_SNR=41, TX1_SNR=41, RX1_SNR=43

29026 [INFO] [CONFIG] Antenna5: TX0_SNR=43, RX0_SNR=7, TX1_SNR=43, RX1_SNR=6

29027 [INFO] [CONFIG] Antenna6: TX0_SNR=25, RX0_SNR=35, TX1_SNR=38, RX1_SNR=35

29028 [INFO] [CONFIG] Antenna7: TX0_SNR=36, RX0_SNR=34, TX1_SNR=24, RX1_SNR=35

29029 [INFO] [CONFIG] Valid SNR count: 27 (threshold: 32)

29050 [INFO] [CONFIG] === ACM SNR values ===

29050 [INFO] [CONFIG] Antenna0: TX0_SNR=40, RX0_SNR=38, TX1_SNR=36, RX1_SNR=34

29051 [INFO] [CONFIG] Antenna1: TX0_SNR=42, RX0_SNR=36, TX1_SNR=39, RX1_SNR=34

29052 [INFO] [CONFIG] Antenna2: TX0_SNR=40, RX0_SNR=34, TX1_SNR=36, RX1_SNR=34

29053 [INFO] [CONFIG] Antenna3: TX0_SNR=39, RX0_SNR=39, TX1_SNR=35, RX1_SNR=35

29054 [INFO] [CONFIG] Antenna4: TX0_SNR=47, RX0_SNR=43, TX1_SNR=43, RX1_SNR=44

29055 [INFO] [CONFIG] Antenna5: TX0_SNR=48, RX0_SNR=9, TX1_SNR=45, RX1_SNR=8

29056 [INFO] [CONFIG] Antenna6: TX0_SNR=28, RX0_SNR=40, TX1_SNR=39, RX1_SNR=35

29057 [INFO] [CONFIG] Antenna7: TX0_SNR=41, RX0_SNR=39, TX1_SNR=24, RX1_SNR=36

29058 [INFO] [CONFIG] Valid SNR count: 28 (threshold: 32)

29079 [INFO] [CONFIG] === ACM SNR values ===

29080 [INFO] [CONFIG] Antenna0: TX0_SNR=36, RX0_SNR=34, TX1_SNR=37, RX1_SNR=33

29081 [INFO] [CONFIG] Antenna1: TX0_SNR=39, RX0_SNR=36, TX1_SNR=39, RX1_SNR=35

29082 [INFO] [CONFIG] Antenna2: TX0_SNR=36, RX0_SNR=34, TX1_SNR=37, RX1_SNR=31

29083 [INFO] [CONFIG] Antenna3: TX0_SNR=35, RX0_SNR=36, TX1_SNR=36, RX1_SNR=37

29084 [INFO] [CONFIG] Antenna4: TX0_SNR=43, RX0_SNR=43, TX1_SNR=44, RX1_SNR=43

29085 [INFO] [CONFIG] Antenna5: TX0_SNR=45, RX0_SNR=8, TX1_SNR=45, RX1_SNR=8

29085 [INFO] [CONFIG] Antenna6: TX0_SNR=25, RX0_SNR=36, TX1_SNR=40, RX1_SNR=37

29086 [INFO] [CONFIG] Antenna7: TX0_SNR=38, RX0_SNR=37, TX1_SNR=24, RX1_SNR=37

29087 [INFO] [CONFIG] Valid SNR count: 27 (threshold: 32)

29108 [INFO] [CONFIG] === ACM SNR values ===

29109 [INFO] [CONFIG] Antenna0: TX0_SNR=38, RX0_SNR=36, TX1_SNR=37, RX1_SNR=34

29110 [INFO] [CONFIG] Antenna1: TX0_SNR=40, RX0_SNR=33, TX1_SNR=40, RX1_SNR=35

29111 [INFO] [CONFIG] Antenna2: TX0_SNR=38, RX0_SNR=33, TX1_SNR=37, RX1_SNR=34

29112 [INFO] [CONFIG] Antenna3: TX0_SNR=37, RX0_SNR=37, TX1_SNR=36, RX1_SNR=37

29113 [INFO] [CONFIG] Antenna4: TX0_SNR=45, RX0_SNR=40, TX1_SNR=44, RX1_SNR=43

29114 [INFO] [CONFIG] Antenna5: TX0_SNR=47, RX0_SNR=8, TX1_SNR=46, RX1_SNR=8

29115 [INFO] [CONFIG] Antenna6: TX0_SNR=26, RX0_SNR=38, TX1_SNR=40, RX1_SNR=36

29116 [INFO] [CONFIG] Antenna7: TX0_SNR=40, RX0_SNR=38, TX1_SNR=25, RX1_SNR=37

29117 [INFO] [CONFIG] Valid SNR count: 28 (threshold: 32)

29138 [INFO] [CONFIG] === ACM SNR values ===

29138 [INFO] [CONFIG] Antenna0: TX0_SNR=37, RX0_SNR=35, TX1_SNR=39, RX1_SNR=37

29139 [INFO] [CONFIG] Antenna1: TX0_SNR=39, RX0_SNR=34, TX1_SNR=42, RX1_SNR=35

29140 [INFO] [CONFIG] Antenna2: TX0_SNR=37, RX0_SNR=36, TX1_SNR=39, RX1_SNR=34

29141 [INFO] [CONFIG] Antenna3: TX0_SNR=36, RX0_SNR=36, TX1_SNR=38, RX1_SNR=38

29142 [INFO] [CONFIG] Antenna4: TX0_SNR=44, RX0_SNR=42, TX1_SNR=46, RX1_SNR=42

29143 [INFO] [CONFIG] Antenna5: TX0_SNR=46, RX0_SNR=8, TX1_SNR=48, RX1_SNR=7

29144 [INFO] [CONFIG] Antenna6: TX0_SNR=25, RX0_SNR=37, TX1_SNR=42, RX1_SNR=38

29145 [INFO] [CONFIG] Antenna7: TX0_SNR=39, RX0_SNR=39, TX1_SNR=27, RX1_SNR=39

29146 [INFO] [CONFIG] Valid SNR count: 28 (threshold: 32)

29167 [INFO] [CONFIG] === ACM SNR values ===

29168 [INFO] [CONFIG] Antenna0: TX0_SNR=39, RX0_SNR=35, TX1_SNR=40, RX1_SNR=35

29169 [INFO] [CONFIG] Antenna1: TX0_SNR=41, RX0_SNR=35, TX1_SNR=42, RX1_SNR=35

29170 [INFO] [CONFIG] Antenna2: TX0_SNR=38, RX0_SNR=34, TX1_SNR=40, RX1_SNR=35

29171 [INFO] [CONFIG] Antenna3: TX0_SNR=38, RX0_SNR=37, TX1_SNR=39, RX1_SNR=35

29172 [INFO] [CONFIG] Antenna4: TX0_SNR=45, RX0_SNR=44, TX1_SNR=46, RX1_SNR=43

29173 [INFO] [CONFIG] Antenna5: TX0_SNR=47, RX0_SNR=8, TX1_SNR=48, RX1_SNR=7

29174 [INFO] [CONFIG] Antenna6: TX0_SNR=27, RX0_SNR=39, TX1_SNR=43, RX1_SNR=38

29175 [INFO] [CONFIG] Antenna7: TX0_SNR=40, RX0_SNR=37, TX1_SNR=27, RX1_SNR=40

29176 [INFO] [CONFIG] Valid SNR count: 28 (threshold: 32)

29197 [INFO] [CONFIG] === ACM SNR values ===

29197 [INFO] [CONFIG] Antenna0: TX0_SNR=37, RX0_SNR=38, TX1_SNR=36, RX1_SNR=35

29198 [INFO] [CONFIG] Antenna1: TX0_SNR=40, RX0_SNR=36, TX1_SNR=38, RX1_SNR=37

29199 [INFO] [CONFIG] Antenna2: TX0_SNR=37, RX0_SNR=35, TX1_SNR=36, RX1_SNR=37

29200 [INFO] [CONFIG] Antenna3: TX0_SNR=36, RX0_SNR=36, TX1_SNR=35, RX1_SNR=40

29201 [INFO] [CONFIG] Antenna4: TX0_SNR=44, RX0_SNR=39, TX1_SNR=42, RX1_SNR=42

29202 [INFO] [CONFIG] Antenna5: TX0_SNR=46, RX0_SNR=10, TX1_SNR=44, RX1_SNR=9

29203 [INFO] [CONFIG] Antenna6: TX0_SNR=24, RX0_SNR=37, TX1_SNR=39, RX1_SNR=39

29204 [INFO] [CONFIG] Antenna7: TX0_SNR=39, RX0_SNR=38, TX1_SNR=22, RX1_SNR=36

29205 [INFO] [CONFIG] Valid SNR count: 28 (threshold: 32)

29226 [INFO] [CONFIG] === ACM SNR values ===

29226 [INFO] [CONFIG] Antenna0: TX0_SNR=39, RX0_SNR=36, TX1_SNR=36, RX1_SNR=34

29227 [INFO] [CONFIG] Antenna1: TX0_SNR=41, RX0_SNR=34, TX1_SNR=38, RX1_SNR=38

29228 [INFO] [CONFIG] Antenna2: TX0_SNR=38, RX0_SNR=35, TX1_SNR=36, RX1_SNR=37

29229 [INFO] [CONFIG] Antenna3: TX0_SNR=37, RX0_SNR=38, TX1_SNR=35, RX1_SNR=39

29230 [INFO] [CONFIG] Antenna4: TX0_SNR=45, RX0_SNR=40, TX1_SNR=42, RX1_SNR=43

29231 [INFO] [CONFIG] Antenna5: TX0_SNR=47, RX0_SNR=10, TX1_SNR=44, RX1_SNR=9

29232 [INFO] [CONFIG] Antenna6: TX0_SNR=25, RX0_SNR=39, TX1_SNR=39, RX1_SNR=37

29233 [INFO] [CONFIG] Antenna7: TX0_SNR=40, RX0_SNR=39, TX1_SNR=22, RX1_SNR=36

29234 [INFO] [CONFIG] Valid SNR count: 28 (threshold: 32)

29255 [INFO] [CONFIG] === ACM SNR values ===

29256 [INFO] [CONFIG] Antenna0: TX0_SNR=38, RX0_SNR=39, TX1_SNR=37, RX1_SNR=37

29257 [INFO] [CONFIG] Antenna1: TX0_SNR=40, RX0_SNR=37, TX1_SNR=40, RX1_SNR=37

29258 [INFO] [CONFIG] Antenna2: TX0_SNR=38, RX0_SNR=35, TX1_SNR=37, RX1_SNR=37

29259 [INFO] [CONFIG] Antenna3: TX0_SNR=37, RX0_SNR=37, TX1_SNR=36, RX1_SNR=37

29260 [INFO] [CONFIG] Antenna4: TX0_SNR=45, RX0_SNR=40, TX1_SNR=44, RX1_SNR=43

29261 [INFO] [CONFIG] Antenna5: TX0_SNR=46, RX0_SNR=9, TX1_SNR=46, RX1_SNR=9

29262 [INFO] [CONFIG] Antenna6: TX0_SNR=25, RX0_SNR=38, TX1_SNR=40, RX1_SNR=39

29263 [INFO] [CONFIG] Antenna7: TX0_SNR=40, RX0_SNR=37, TX1_SNR=23, RX1_SNR=37

29264 [INFO] [CONFIG] Valid SNR count: 28 (threshold: 32)

29285 [INFO] [CONFIG] === ACM SNR values ===

29285 [INFO] [CONFIG] Antenna0: TX0_SNR=38, RX0_SNR=37, TX1_SNR=38, RX1_SNR=37

29286 [INFO] [CONFIG] Antenna1: TX0_SNR=40, RX0_SNR=37, TX1_SNR=40, RX1_SNR=36

29287 [INFO] [CONFIG] Antenna2: TX0_SNR=38, RX0_SNR=37, TX1_SNR=38, RX1_SNR=34

29288 [INFO] [CONFIG] Antenna3: TX0_SNR=37, RX0_SNR=38, TX1_SNR=37, RX1_SNR=38

29289 [INFO] [CONFIG] Antenna4: TX0_SNR=45, RX0_SNR=41, TX1_SNR=44, RX1_SNR=43

29290 [INFO] [CONFIG] Antenna5: TX0_SNR=46, RX0_SNR=9, TX1_SNR=46, RX1_SNR=8

29291 [INFO] [CONFIG] Antenna6: TX0_SNR=25, RX0_SNR=38, TX1_SNR=41, RX1_SNR=37

29292 [INFO] [CONFIG] Antenna7: TX0_SNR=40, RX0_SNR=39, TX1_SNR=24, RX1_SNR=38

29293 [INFO] [CONFIG] Valid SNR count: 28 (threshold: 32)

29314 [INFO] [CONFIG] === ACM SNR values ===

29315 [INFO] [CONFIG] Antenna0: TX0_SNR=36, RX0_SNR=35, TX1_SNR=39, RX1_SNR=39

29316 [INFO] [CONFIG] Antenna1: TX0_SNR=39, RX0_SNR=39, TX1_SNR=42, RX1_SNR=34

29317 [INFO] [CONFIG] Antenna2: TX0_SNR=36, RX0_SNR=36, TX1_SNR=39, RX1_SNR=36

29318 [INFO] [CONFIG] Antenna3: TX0_SNR=35, RX0_SNR=38, TX1_SNR=38, RX1_SNR=38

29319 [INFO] [CONFIG] Antenna4: TX0_SNR=43, RX0_SNR=40, TX1_SNR=46, RX1_SNR=46

29320 [INFO] [CONFIG] Antenna5: TX0_SNR=45, RX0_SNR=8, TX1_SNR=48, RX1_SNR=8

29321 [INFO] [CONFIG] Antenna6: TX0_SNR=23, RX0_SNR=36, TX1_SNR=42, RX1_SNR=41

29322 [INFO] [CONFIG] Antenna7: TX0_SNR=38, RX0_SNR=38, TX1_SNR=25, RX1_SNR=39

29323 [INFO] [CONFIG] Valid SNR count: 28 (threshold: 32)

29343 [INFO] [CONFIG] === ACM SNR values ===

29344 [INFO] [CONFIG] Antenna0: TX0_SNR=37, RX0_SNR=39, TX1_SNR=37, RX1_SNR=37

29345 [INFO] [CONFIG] Antenna1: TX0_SNR=40, RX0_SNR=35, TX1_SNR=39, RX1_SNR=35

29346 [INFO] [CONFIG] Antenna2: TX0_SNR=37, RX0_SNR=39, TX1_SNR=37, RX1_SNR=37

29347 [INFO] [CONFIG] Antenna3: TX0_SNR=36, RX0_SNR=39, TX1_SNR=36, RX1_SNR=38

29348 [INFO] [CONFIG] Antenna4: TX0_SNR=44, RX0_SNR=40, TX1_SNR=43, RX1_SNR=43

29349 [INFO] [CONFIG] Antenna5: TX0_SNR=46, RX0_SNR=9, TX1_SNR=45, RX1_SNR=9

29350 [INFO] [CONFIG] Antenna6: TX0_SNR=23, RX0_SNR=37, TX1_SNR=40, RX1_SNR=39

29351 [INFO] [CONFIG] Antenna7: TX0_SNR=39, RX0_SNR=36, TX1_SNR=21, RX1_SNR=37

29352 [INFO] [CONFIG] Valid SNR count: 28 (threshold: 32)

29373 [INFO] [CONFIG] === ACM SNR values ===

29373 [INFO] [CONFIG] Antenna0: TX0_SNR=39, RX0_SNR=36, TX1_SNR=36, RX1_SNR=35

29374 [INFO] [CONFIG] Antenna1: TX0_SNR=41, RX0_SNR=37, TX1_SNR=38, RX1_SNR=38

29375 [INFO] [CONFIG] Antenna2: TX0_SNR=39, RX0_SNR=36, TX1_SNR=35, RX1_SNR=38

29376 [INFO] [CONFIG] Antenna3: TX0_SNR=38, RX0_SNR=38, TX1_SNR=34, RX1_SNR=38

29377 [INFO] [CONFIG] Antenna4: TX0_SNR=45, RX0_SNR=40, TX1_SNR=42, RX1_SNR=43

29378 [INFO] [CONFIG] Antenna5: TX0_SNR=47, RX0_SNR=10, TX1_SNR=44, RX1_SNR=9

29379 [INFO] [CONFIG] Antenna6: TX0_SNR=24, RX0_SNR=39, TX1_SNR=38, RX1_SNR=39

29380 [INFO] [CONFIG] Antenna7: TX0_SNR=40, RX0_SNR=37, TX1_SNR=20, RX1_SNR=36

29381 [INFO] [CONFIG] Valid SNR count: 28 (threshold: 32)

29402 [INFO] [CONFIG] === ACM SNR values ===

29403 [INFO] [CONFIG] Antenna0: TX0_SNR=38, RX0_SNR=40, TX1_SNR=36, RX1_SNR=36

29404 [INFO] [CONFIG] Antenna1: TX0_SNR=40, RX0_SNR=38, TX1_SNR=38, RX1_SNR=37

29405 [INFO] [CONFIG] Antenna2: TX0_SNR=37, RX0_SNR=37, TX1_SNR=36, RX1_SNR=37

29406 [INFO] [CONFIG] Antenna3: TX0_SNR=36, RX0_SNR=38, TX1_SNR=35, RX1_SNR=43

29407 [INFO] [CONFIG] Antenna4: TX0_SNR=44, RX0_SNR=40, TX1_SNR=42, RX1_SNR=43

29408 [INFO] [CONFIG] Antenna5: TX0_SNR=46, RX0_SNR=11, TX1_SNR=44, RX1_SNR=9

29409 [INFO] [CONFIG] Antenna6: TX0_SNR=23, RX0_SNR=38, TX1_SNR=39, RX1_SNR=39

29410 [INFO] [CONFIG] Antenna7: TX0_SNR=39, RX0_SNR=37, TX1_SNR=20, RX1_SNR=36

29411 [INFO] [CONFIG] Valid SNR count: 28 (threshold: 32)

29432 [INFO] [CONFIG] === ACM SNR values ===

29432 [INFO] [CONFIG] Antenna0: TX0_SNR=36, RX0_SNR=36, TX1_SNR=36, RX1_SNR=36

29433 [INFO] [CONFIG] Antenna1: TX0_SNR=39, RX0_SNR=37, TX1_SNR=39, RX1_SNR=36

29434 [INFO] [CONFIG] Antenna2: TX0_SNR=36, RX0_SNR=36, TX1_SNR=36, RX1_SNR=37

29435 [INFO] [CONFIG] Antenna3: TX0_SNR=35, RX0_SNR=36, TX1_SNR=35, RX1_SNR=39

29436 [INFO] [CONFIG] Antenna4: TX0_SNR=43, RX0_SNR=40, TX1_SNR=43, RX1_SNR=43

29437 [INFO] [CONFIG] Antenna5: TX0_SNR=45, RX0_SNR=11, TX1_SNR=45, RX1_SNR=10

29438 [INFO] [CONFIG] Antenna6: TX0_SNR=22, RX0_SNR=36, TX1_SNR=39, RX1_SNR=40

29439 [INFO] [CONFIG] Antenna7: TX0_SNR=38, RX0_SNR=36, TX1_SNR=21, RX1_SNR=36

29440 [INFO] [CONFIG] Valid SNR count: 28 (threshold: 32)

29461 [INFO] [CONFIG] === ACM SNR values ===

29462 [INFO] [CONFIG] Antenna0: TX0_SNR=38, RX0_SNR=36, TX1_SNR=36, RX1_SNR=38

29463 [INFO] [CONFIG] Antenna1: TX0_SNR=40, RX0_SNR=35, TX1_SNR=39, RX1_SNR=37

29464 [INFO] [CONFIG] Antenna2: TX0_SNR=38, RX0_SNR=35, TX1_SNR=36, RX1_SNR=37

29465 [INFO] [CONFIG] Antenna3: TX0_SNR=37, RX0_SNR=39, TX1_SNR=35, RX1_SNR=37

29466 [INFO] [CONFIG] Antenna4: TX0_SNR=44, RX0_SNR=39, TX1_SNR=43, RX1_SNR=43

29467 [INFO] [CONFIG] Antenna5: TX0_SNR=46, RX0_SNR=10, TX1_SNR=45, RX1_SNR=10

29467 [INFO] [CONFIG] Antenna6: TX0_SNR=23, RX0_SNR=38, TX1_SNR=39, RX1_SNR=39

29468 [INFO] [CONFIG] Antenna7: TX0_SNR=39, RX0_SNR=38, TX1_SNR=21, RX1_SNR=36

29469 [INFO] [CONFIG] Valid SNR count: 28 (threshold: 32)

29490 [INFO] [CONFIG] === ACM SNR values ===

29491 [INFO] [CONFIG] Antenna0: TX0_SNR=38, RX0_SNR=35, TX1_SNR=37, RX1_SNR=35

29492 [INFO] [CONFIG] Antenna1: TX0_SNR=40, RX0_SNR=35, TX1_SNR=39, RX1_SNR=37

29493 [INFO] [CONFIG] Antenna2: TX0_SNR=38, RX0_SNR=39, TX1_SNR=36, RX1_SNR=39

29494 [INFO] [CONFIG] Antenna3: TX0_SNR=37, RX0_SNR=37, TX1_SNR=36, RX1_SNR=39

29495 [INFO] [CONFIG] Antenna4: TX0_SNR=45, RX0_SNR=39, TX1_SNR=43, RX1_SNR=42

29496 [INFO] [CONFIG] Antenna5: TX0_SNR=46, RX0_SNR=11, TX1_SNR=45, RX1_SNR=10

29497 [INFO] [CONFIG] Antenna6: TX0_SNR=22, RX0_SNR=38, TX1_SNR=39, RX1_SNR=38

29498 [INFO] [CONFIG] Antenna7: TX0_SNR=40, RX0_SNR=36, TX1_SNR=20, RX1_SNR=37

29499 [INFO] [CONFIG] Valid SNR count: 28 (threshold: 32)

29520 [INFO] [CONFIG] === ACM SNR values ===

29520 [INFO] [CONFIG] Antenna0: TX0_SNR=37, RX0_SNR=37, TX1_SNR=36, RX1_SNR=37

29521 [INFO] [CONFIG] Antenna1: TX0_SNR=39, RX0_SNR=34, TX1_SNR=39, RX1_SNR=36

29522 [INFO] [CONFIG] Antenna2: TX0_SNR=37, RX0_SNR=34, TX1_SNR=36, RX1_SNR=36

29523 [INFO] [CONFIG] Antenna3: TX0_SNR=36, RX0_SNR=36, TX1_SNR=35, RX1_SNR=41

29524 [INFO] [CONFIG] Antenna4: TX0_SNR=44, RX0_SNR=38, TX1_SNR=43, RX1_SNR=41

29525 [INFO] [CONFIG] Antenna5: TX0_SNR=45, RX0_SNR=11, TX1_SNR=45, RX1_SNR=11

29526 [INFO] [CONFIG] Antenna6: TX0_SNR=21, RX0_SNR=37, TX1_SNR=39, RX1_SNR=39

29527 [INFO] [CONFIG] Antenna7: TX0_SNR=39, RX0_SNR=36, TX1_SNR=19, RX1_SNR=36

29528 [INFO] [CONFIG] Valid SNR count: 28 (threshold: 32)

29549 [INFO] [CONFIG] === ACM SNR values ===

29550 [INFO] [CONFIG] Antenna0: TX0_SNR=37, RX0_SNR=38, TX1_SNR=36, RX1_SNR=38

29551 [INFO] [CONFIG] Antenna1: TX0_SNR=39, RX0_SNR=36, TX1_SNR=39, RX1_SNR=38

29552 [INFO] [CONFIG] Antenna2: TX0_SNR=37, RX0_SNR=36, TX1_SNR=36, RX1_SNR=36

29553 [INFO] [CONFIG] Antenna3: TX0_SNR=36, RX0_SNR=37, TX1_SNR=35, RX1_SNR=41

29554 [INFO] [CONFIG] Antenna4: TX0_SNR=44, RX0_SNR=38, TX1_SNR=43, RX1_SNR=42

29555 [INFO] [CONFIG] Antenna5: TX0_SNR=46, RX0_SNR=11, TX1_SNR=44, RX1_SNR=10

29556 [INFO] [CONFIG] Antenna6: TX0_SNR=21, RX0_SNR=37, TX1_SNR=39, RX1_SNR=40

29557 [INFO] [CONFIG] Antenna7: TX0_SNR=39, RX0_SNR=37, TX1_SNR=19, RX1_SNR=36

29558 [INFO] [CONFIG] Valid SNR count: 28 (threshold: 32)

29579 [INFO] [CONFIG] === ACM SNR values ===

29579 [INFO] [CONFIG] Antenna0: TX0_SNR=36, RX0_SNR=36, TX1_SNR=37, RX1_SNR=38

29580 [INFO] [CONFIG] Antenna1: TX0_SNR=38, RX0_SNR=36, TX1_SNR=39, RX1_SNR=38

29581 [INFO] [CONFIG] Antenna2: TX0_SNR=36, RX0_SNR=37, TX1_SNR=37, RX1_SNR=36

29582 [INFO] [CONFIG] Antenna3: TX0_SNR=35, RX0_SNR=39, TX1_SNR=36, RX1_SNR=39

29583 [INFO] [CONFIG] Antenna4: TX0_SNR=43, RX0_SNR=39, TX1_SNR=43, RX1_SNR=41

29584 [INFO] [CONFIG] Antenna5: TX0_SNR=44, RX0_SNR=11, TX1_SNR=45, RX1_SNR=10

29585 [INFO] [CONFIG] Antenna6: TX0_SNR=20, RX0_SNR=36, TX1_SNR=40, RX1_SNR=38

29586 [INFO] [CONFIG] Antenna7: TX0_SNR=38, RX0_SNR=36, TX1_SNR=20, RX1_SNR=37

29587 [INFO] [CONFIG] Valid SNR count: 28 (threshold: 32)

29608 [INFO] [CONFIG] === ACM SNR values ===

29609 [INFO] [CONFIG] Antenna0: TX0_SNR=36, RX0_SNR=37, TX1_SNR=36, RX1_SNR=38

29610 [INFO] [CONFIG] Antenna1: TX0_SNR=38, RX0_SNR=35, TX1_SNR=38, RX1_SNR=39

29611 [INFO] [CONFIG] Antenna2: TX0_SNR=35, RX0_SNR=35, TX1_SNR=35, RX1_SNR=38

29612 [INFO] [CONFIG] Antenna3: TX0_SNR=35, RX0_SNR=37, TX1_SNR=35, RX1_SNR=39

29613 [INFO] [CONFIG] Antenna4: TX0_SNR=42, RX0_SNR=38, TX1_SNR=42, RX1_SNR=41

29614 [INFO] [CONFIG] Antenna5: TX0_SNR=44, RX0_SNR=10, TX1_SNR=44, RX1_SNR=10

29614 [INFO] [CONFIG] Antenna6: TX0_SNR=20, RX0_SNR=36, TX1_SNR=38, RX1_SNR=40

29615 [INFO] [CONFIG] Antenna7: TX0_SNR=37, RX0_SNR=38, TX1_SNR=19, RX1_SNR=36

29616 [INFO] [CONFIG] Valid SNR count: 28 (threshold: 32)

29637 [INFO] [CONFIG] === ACM SNR values ===

29638 [INFO] [CONFIG] Antenna0: TX0_SNR=37, RX0_SNR=36, TX1_SNR=34, RX1_SNR=37

29639 [INFO] [CONFIG] Antenna1: TX0_SNR=39, RX0_SNR=35, TX1_SNR=37, RX1_SNR=38

29640 [INFO] [CONFIG] Antenna2: TX0_SNR=36, RX0_SNR=35, TX1_SNR=34, RX1_SNR=37

29641 [INFO] [CONFIG] Antenna3: TX0_SNR=35, RX0_SNR=37, TX1_SNR=33, RX1_SNR=40

29642 [INFO] [CONFIG] Antenna4: TX0_SNR=43, RX0_SNR=38, TX1_SNR=41, RX1_SNR=41

29643 [INFO] [CONFIG] Antenna5: TX0_SNR=45, RX0_SNR=12, TX1_SNR=43, RX1_SNR=11

29644 [INFO] [CONFIG] Antenna6: TX0_SNR=20, RX0_SNR=37, TX1_SNR=37, RX1_SNR=40

29645 [INFO] [CONFIG] Antenna7: TX0_SNR=38, RX0_SNR=37, TX1_SNR=17, RX1_SNR=34

29646 [INFO] [CONFIG] Valid SNR count: 28 (threshold: 32)

29667 [INFO] [CONFIG] === ACM SNR values ===

29667 [INFO] [CONFIG] Antenna0: TX0_SNR=37, RX0_SNR=37, TX1_SNR=36, RX1_SNR=39

29668 [INFO] [CONFIG] Antenna1: TX0_SNR=39, RX0_SNR=36, TX1_SNR=38, RX1_SNR=39

29669 [INFO] [CONFIG] Antenna2: TX0_SNR=36, RX0_SNR=35, TX1_SNR=36, RX1_SNR=38

29670 [INFO] [CONFIG] Antenna3: TX0_SNR=35, RX0_SNR=36, TX1_SNR=35, RX1_SNR=40

29671 [INFO] [CONFIG] Antenna4: TX0_SNR=43, RX0_SNR=38, TX1_SNR=42, RX1_SNR=41

29672 [INFO] [CONFIG] Antenna5: TX0_SNR=45, RX0_SNR=12, TX1_SNR=44, RX1_SNR=11

29673 [INFO] [CONFIG] Antenna6: TX0_SNR=20, RX0_SNR=37, TX1_SNR=39, RX1_SNR=39

29674 [INFO] [CONFIG] Antenna7: TX0_SNR=38, RX0_SNR=37, TX1_SNR=18, RX1_SNR=36

29675 [INFO] [CONFIG] Valid SNR count: 28 (threshold: 32)

29696 [INFO] [CONFIG] === ACM SNR values ===

29697 [INFO] [CONFIG] Antenna0: TX0_SNR=37, RX0_SNR=35, TX1_SNR=35, RX1_SNR=37

29698 [INFO] [CONFIG] Antenna1: TX0_SNR=39, RX0_SNR=40, TX1_SNR=38, RX1_SNR=38

29699 [INFO] [CONFIG] Antenna2: TX0_SNR=36, RX0_SNR=35, TX1_SNR=35, RX1_SNR=37

29700 [INFO] [CONFIG] Antenna3: TX0_SNR=36, RX0_SNR=37, TX1_SNR=34, RX1_SNR=36

29701 [INFO] [CONFIG] Antenna4: TX0_SNR=43, RX0_SNR=37, TX1_SNR=42, RX1_SNR=41

29702 [INFO] [CONFIG] Antenna5: TX0_SNR=45, RX0_SNR=12, TX1_SNR=44, RX1_SNR=12

29703 [INFO] [CONFIG] Antenna6: TX0_SNR=20, RX0_SNR=37, TX1_SNR=38, RX1_SNR=38

29704 [INFO] [CONFIG] Antenna7: TX0_SNR=38, RX0_SNR=37, TX1_SNR=18, RX1_SNR=35

29705 [INFO] [CONFIG] Valid SNR count: 28 (threshold: 32)

29726 [INFO] [CONFIG] === ACM SNR values ===

29726 [INFO] [CONFIG] Antenna0: TX0_SNR=37, RX0_SNR=36, TX1_SNR=35, RX1_SNR=39

29727 [INFO] [CONFIG] Antenna1: TX0_SNR=39, RX0_SNR=36, TX1_SNR=38, RX1_SNR=38

29728 [INFO] [CONFIG] Antenna2: TX0_SNR=36, RX0_SNR=35, TX1_SNR=35, RX1_SNR=37

29729 [INFO] [CONFIG] Antenna3: TX0_SNR=36, RX0_SNR=36, TX1_SNR=34, RX1_SNR=43

29730 [INFO] [CONFIG] Antenna4: TX0_SNR=43, RX0_SNR=38, TX1_SNR=42, RX1_SNR=41

29731 [INFO] [CONFIG] Antenna5: TX0_SNR=45, RX0_SNR=12, TX1_SNR=43, RX1_SNR=11

29732 [INFO] [CONFIG] Antenna6: TX0_SNR=20, RX0_SNR=37, TX1_SNR=38, RX1_SNR=37

29733 [INFO] [CONFIG] Antenna7: TX0_SNR=38, RX0_SNR=37, TX1_SNR=17, RX1_SNR=35

29734 [INFO] [CONFIG] Valid SNR count: 28 (threshold: 32)

29755 [INFO] [CONFIG] === ACM SNR values ===

29756 [INFO] [CONFIG] Antenna0: TX0_SNR=36, RX0_SNR=34, TX1_SNR=36, RX1_SNR=36

29757 [INFO] [CONFIG] Antenna1: TX0_SNR=38, RX0_SNR=35, TX1_SNR=39, RX1_SNR=39

29758 [INFO] [CONFIG] Antenna2: TX0_SNR=35, RX0_SNR=36, TX1_SNR=36, RX1_SNR=37

29759 [INFO] [CONFIG] Antenna3: TX0_SNR=34, RX0_SNR=36, TX1_SNR=35, RX1_SNR=37

29760 [INFO] [CONFIG] Antenna4: TX0_SNR=42, RX0_SNR=38, TX1_SNR=43, RX1_SNR=41

29761 [INFO] [CONFIG] Antenna5: TX0_SNR=44, RX0_SNR=12, TX1_SNR=44, RX1_SNR=12

29761 [INFO] [CONFIG] Antenna6: TX0_SNR=19, RX0_SNR=36, TX1_SNR=39, RX1_SNR=40

29762 [INFO] [CONFIG] Antenna7: TX0_SNR=37, RX0_SNR=36, TX1_SNR=18, RX1_SNR=36

29763 [INFO] [CONFIG] Valid SNR count: 28 (threshold: 32)

29784 [INFO] [CONFIG] === ACM SNR values ===

29785 [INFO] [CONFIG] Antenna0: TX0_SNR=37, RX0_SNR=37, TX1_SNR=35, RX1_SNR=39

29786 [INFO] [CONFIG] Antenna1: TX0_SNR=39, RX0_SNR=35, TX1_SNR=38, RX1_SNR=40

29787 [INFO] [CONFIG] Antenna2: TX0_SNR=37, RX0_SNR=37, TX1_SNR=35, RX1_SNR=37

29788 [INFO] [CONFIG] Antenna3: TX0_SNR=36, RX0_SNR=36, TX1_SNR=34, RX1_SNR=38

29789 [INFO] [CONFIG] Antenna4: TX0_SNR=44, RX0_SNR=37, TX1_SNR=42, RX1_SNR=40

29790 [INFO] [CONFIG] Antenna5: TX0_SNR=45, RX0_SNR=13, TX1_SNR=44, RX1_SNR=12

29791 [INFO] [CONFIG] Antenna6: TX0_SNR=19, RX0_SNR=37, TX1_SNR=38, RX1_SNR=38

29792 [INFO] [CONFIG] Antenna7: TX0_SNR=39, RX0_SNR=35, TX1_SNR=17, RX1_SNR=35

29793 [INFO] [CONFIG] Valid SNR count: 28 (threshold: 32)

29814 [INFO] [CONFIG] === ACM SNR values ===

29814 [INFO] [CONFIG] Antenna0: TX0_SNR=35, RX0_SNR=36, TX1_SNR=36, RX1_SNR=38

29815 [INFO] [CONFIG] Antenna1: TX0_SNR=37, RX0_SNR=37, TX1_SNR=38, RX1_SNR=38

29816 [INFO] [CONFIG] Antenna2: TX0_SNR=34, RX0_SNR=35, TX1_SNR=35, RX1_SNR=35

29817 [INFO] [CONFIG] Antenna3: TX0_SNR=34, RX0_SNR=35, TX1_SNR=35, RX1_SNR=38

29818 [INFO] [CONFIG] Antenna4: TX0_SNR=41, RX0_SNR=37, TX1_SNR=42, RX1_SNR=39

29819 [INFO] [CONFIG] Antenna5: TX0_SNR=43, RX0_SNR=13, TX1_SNR=44, RX1_SNR=12

29820 [INFO] [CONFIG] Antenna6: TX0_SNR=17, RX0_SNR=35, TX1_SNR=38, RX1_SNR=38

29821 [INFO] [CONFIG] Antenna7: TX0_SNR=36, RX0_SNR=36, TX1_SNR=17, RX1_SNR=36

29822 [INFO] [CONFIG] Valid SNR count: 28 (threshold: 32)

29843 [INFO] [CONFIG] === ACM SNR values ===

29844 [INFO] [CONFIG] Antenna0: TX0_SNR=35, RX0_SNR=35, TX1_SNR=36, RX1_SNR=36

29845 [INFO] [CONFIG] Antenna1: TX0_SNR=37, RX0_SNR=36, TX1_SNR=38, RX1_SNR=36

29846 [INFO] [CONFIG] Antenna2: TX0_SNR=35, RX0_SNR=35, TX1_SNR=36, RX1_SNR=39

29847 [INFO] [CONFIG] Antenna3: TX0_SNR=34, RX0_SNR=35, TX1_SNR=35, RX1_SNR=39

29848 [INFO] [CONFIG] Antenna4: TX0_SNR=42, RX0_SNR=37, TX1_SNR=42, RX1_SNR=39

29849 [INFO] [CONFIG] Antenna5: TX0_SNR=43, RX0_SNR=13, TX1_SNR=44, RX1_SNR=12

29850 [INFO] [CONFIG] Antenna6: TX0_SNR=17, RX0_SNR=35, TX1_SNR=39, RX1_SNR=40

29851 [INFO] [CONFIG] Antenna7: TX0_SNR=37, RX0_SNR=36, TX1_SNR=17, RX1_SNR=36

29852 [INFO] [CONFIG] Valid SNR count: 28 (threshold: 32)

29873 [INFO] [CONFIG] === ACM SNR values ===

29873 [INFO] [CONFIG] Antenna0: TX0_SNR=35, RX0_SNR=36, TX1_SNR=36, RX1_SNR=36

29874 [INFO] [CONFIG] Antenna1: TX0_SNR=37, RX0_SNR=35, TX1_SNR=38, RX1_SNR=37

29875 [INFO] [CONFIG] Antenna2: TX0_SNR=35, RX0_SNR=35, TX1_SNR=35, RX1_SNR=37

29876 [INFO] [CONFIG] Antenna3: TX0_SNR=34, RX0_SNR=36, TX1_SNR=34, RX1_SNR=37

29877 [INFO] [CONFIG] Antenna4: TX0_SNR=42, RX0_SNR=36, TX1_SNR=42, RX1_SNR=39

29878 [INFO] [CONFIG] Antenna5: TX0_SNR=43, RX0_SNR=13, TX1_SNR=44, RX1_SNR=12

29879 [INFO] [CONFIG] Antenna6: TX0_SNR=17, RX0_SNR=35, TX1_SNR=38, RX1_SNR=39

29880 [INFO] [CONFIG] Antenna7: TX0_SNR=37, RX0_SNR=35, TX1_SNR=17, RX1_SNR=36

29881 [INFO] [CONFIG] Valid SNR count: 28 (threshold: 32)

29902 [INFO] [CONFIG] === ACM SNR values ===

29903 [INFO] [CONFIG] Antenna0: TX0_SNR=35, RX0_SNR=36, TX1_SNR=36, RX1_SNR=38

29904 [INFO] [CONFIG] Antenna1: TX0_SNR=38, RX0_SNR=35, TX1_SNR=39, RX1_SNR=38

29905 [INFO] [CONFIG] Antenna2: TX0_SNR=35, RX0_SNR=35, TX1_SNR=36, RX1_SNR=36

29906 [INFO] [CONFIG] Antenna3: TX0_SNR=34, RX0_SNR=35, TX1_SNR=35, RX1_SNR=38

29907 [INFO] [CONFIG] Antenna4: TX0_SNR=42, RX0_SNR=37, TX1_SNR=43, RX1_SNR=40

29908 [INFO] [CONFIG] Antenna5: TX0_SNR=44, RX0_SNR=13, TX1_SNR=45, RX1_SNR=13

29909 [INFO] [CONFIG] Antenna6: TX0_SNR=18, RX0_SNR=35, TX1_SNR=39, RX1_SNR=38

29910 [INFO] [CONFIG] Antenna7: TX0_SNR=37, RX0_SNR=36, TX1_SNR=18, RX1_SNR=36

29911 [INFO] [CONFIG] Valid SNR count: 28 (threshold: 32)

29931 [INFO] [CONFIG] === ACM SNR values ===

29932 [INFO] [CONFIG] Antenna0: TX0_SNR=34, RX0_SNR=37, TX1_SNR=34, RX1_SNR=37

29933 [INFO] [CONFIG] Antenna1: TX0_SNR=37, RX0_SNR=34, TX1_SNR=36, RX1_SNR=35

29934 [INFO] [CONFIG] Antenna2: TX0_SNR=34, RX0_SNR=36, TX1_SNR=34, RX1_SNR=39

29935 [INFO] [CONFIG] Antenna3: TX0_SNR=33, RX0_SNR=36, TX1_SNR=33, RX1_SNR=36

29936 [INFO] [CONFIG] Antenna4: TX0_SNR=41, RX0_SNR=36, TX1_SNR=41, RX1_SNR=38

29937 [INFO] [CONFIG] Antenna5: TX0_SNR=43, RX0_SNR=13, TX1_SNR=42, RX1_SNR=13

29938 [INFO] [CONFIG] Antenna6: TX0_SNR=16, RX0_SNR=34, TX1_SNR=37, RX1_SNR=40

29939 [INFO] [CONFIG] Antenna7: TX0_SNR=36, RX0_SNR=37, TX1_SNR=15, RX1_SNR=34

29940 [INFO] [CONFIG] Valid SNR count: 28 (threshold: 32)

29961 [INFO] [CONFIG] === ACM SNR values ===

29961 [INFO] [CONFIG] Antenna0: TX0_SNR=35, RX0_SNR=35, TX1_SNR=34, RX1_SNR=37

29962 [INFO] [CONFIG] Antenna1: TX0_SNR=37, RX0_SNR=33, TX1_SNR=36, RX1_SNR=38

29963 [INFO] [CONFIG] Antenna2: TX0_SNR=35, RX0_SNR=34, TX1_SNR=34, RX1_SNR=37

29964 [INFO] [CONFIG] Antenna3: TX0_SNR=34, RX0_SNR=36, TX1_SNR=33, RX1_SNR=38

29965 [INFO] [CONFIG] Antenna4: TX0_SNR=42, RX0_SNR=36, TX1_SNR=41, RX1_SNR=39

29966 [INFO] [CONFIG] Antenna5: TX0_SNR=43, RX0_SNR=14, TX1_SNR=42, RX1_SNR=13

29967 [INFO] [CONFIG] Antenna6: TX0_SNR=16, RX0_SNR=35, TX1_SNR=37, RX1_SNR=39

29968 [INFO] [CONFIG] Antenna7: TX0_SNR=37, RX0_SNR=37, TX1_SNR=15, RX1_SNR=34

29969 [INFO] [CONFIG] Valid SNR count: 28 (threshold: 32)

29990 [INFO] [CONFIG] === ACM SNR values ===

29991 [INFO] [CONFIG] Antenna0: TX0_SNR=34, RX0_SNR=35, TX1_SNR=34, RX1_SNR=36

29992 [INFO] [CONFIG] Antenna1: TX0_SNR=36, RX0_SNR=36, TX1_SNR=36, RX1_SNR=35

29993 [INFO] [CONFIG] Antenna2: TX0_SNR=33, RX0_SNR=34, TX1_SNR=34, RX1_SNR=38

29994 [INFO] [CONFIG] Antenna3: TX0_SNR=33, RX0_SNR=36, TX1_SNR=33, RX1_SNR=37

29995 [INFO] [CONFIG] Antenna4: TX0_SNR=40, RX0_SNR=36, TX1_SNR=41, RX1_SNR=40

29996 [INFO] [CONFIG] Antenna5: TX0_SNR=42, RX0_SNR=12, TX1_SNR=42, RX1_SNR=11

29997 [INFO] [CONFIG] Antenna6: TX0_SNR=15, RX0_SNR=34, TX1_SNR=37, RX1_SNR=38

29998 [INFO] [CONFIG] Antenna7: TX0_SNR=35, RX0_SNR=35, TX1_SNR=15, RX1_SNR=34

29999 [INFO] [CONFIG] Valid SNR count: 28 (threshold: 32)

30020 [INFO] [CONFIG] === ACM SNR values ===

30020 [INFO] [CONFIG] Antenna0: TX0_SNR=35, RX0_SNR=35, TX1_SNR=35, RX1_SNR=39

30021 [INFO] [CONFIG] Antenna1: TX0_SNR=37, RX0_SNR=33, TX1_SNR=37, RX1_SNR=36

30022 [INFO] [CONFIG] Antenna2: TX0_SNR=34, RX0_SNR=36, TX1_SNR=35, RX1_SNR=39

30023 [INFO] [CONFIG] Antenna3: TX0_SNR=34, RX0_SNR=36, TX1_SNR=34, RX1_SNR=36

30024 [INFO] [CONFIG] Antenna4: TX0_SNR=41, RX0_SNR=36, TX1_SNR=41, RX1_SNR=39

30025 [INFO] [CONFIG] Antenna5: TX0_SNR=43, RX0_SNR=12, TX1_SNR=43, RX1_SNR=10

30026 [INFO] [CONFIG] Antenna6: TX0_SNR=4, RX0_SNR=35, TX1_SNR=38, RX1_SNR=38

30027 [INFO] [CONFIG] Antenna7: TX0_SNR=36, RX0_SNR=35, TX1_SNR=15, RX1_SNR=35

30028 [INFO] [CONFIG] Valid SNR count: 28 (threshold: 32)

30049 [INFO] [CONFIG] === ACM SNR values ===

30050 [INFO] [CONFIG] Antenna0: TX0_SNR=34, RX0_SNR=36, TX1_SNR=36, RX1_SNR=37

30051 [INFO] [CONFIG] Antenna1: TX0_SNR=37, RX0_SNR=35, TX1_SNR=38, RX1_SNR=37

30052 [INFO] [CONFIG] Antenna2: TX0_SNR=34, RX0_SNR=34, TX1_SNR=35, RX1_SNR=37

30053 [INFO] [CONFIG] Antenna3: TX0_SNR=33, RX0_SNR=36, TX1_SNR=35, RX1_SNR=36

30054 [INFO] [CONFIG] Antenna4: TX0_SNR=41, RX0_SNR=36, TX1_SNR=42, RX1_SNR=40

30055 [INFO] [CONFIG] Antenna5: TX0_SNR=43, RX0_SNR=11, TX1_SNR=44, RX1_SNR=12

30056 [INFO] [CONFIG] Antenna6: TX0_SNR=16, RX0_SNR=34, TX1_SNR=38, RX1_SNR=38

30056 [INFO] [CONFIG] Antenna7: TX0_SNR=36, RX0_SNR=35, TX1_SNR=16, RX1_SNR=36

30057 [INFO] [CONFIG] Valid SNR count: 28 (threshold: 32)

30078 [INFO] [CONFIG] === ACM SNR values ===

30079 [INFO] [CONFIG] Antenna0: TX0_SNR=34, RX0_SNR=34, TX1_SNR=34, RX1_SNR=36

30080 [INFO] [CONFIG] Antenna1: TX0_SNR=37, RX0_SNR=36, TX1_SNR=37, RX1_SNR=36

30081 [INFO] [CONFIG] Antenna2: TX0_SNR=34, RX0_SNR=33, TX1_SNR=34, RX1_SNR=37

30082 [INFO] [CONFIG] Antenna3: TX0_SNR=33, RX0_SNR=36, TX1_SNR=33, RX1_SNR=38

30083 [INFO] [CONFIG] Antenna4: TX0_SNR=41, RX0_SNR=36, TX1_SNR=41, RX1_SNR=37

30084 [INFO] [CONFIG] Antenna5: TX0_SNR=43, RX0_SNR=10, TX1_SNR=42, RX1_SNR=8

30085 [INFO] [CONFIG] Antenna6: TX0_SNR=3, RX0_SNR=34, TX1_SNR=37, RX1_SNR=39

30086 [INFO] [CONFIG] Antenna7: TX0_SNR=36, RX0_SNR=36, TX1_SNR=14, RX1_SNR=34

30087 [INFO] [CONFIG] Valid SNR count: 28 (threshold: 32)

30108 [INFO] [CONFIG] === ACM SNR values ===

30108 [INFO] [CONFIG] Antenna0: TX0_SNR=34, RX0_SNR=35, TX1_SNR=34, RX1_SNR=37

30109 [INFO] [CONFIG] Antenna1: TX0_SNR=36, RX0_SNR=35, TX1_SNR=37, RX1_SNR=38

30110 [INFO] [CONFIG] Antenna2: TX0_SNR=33, RX0_SNR=34, TX1_SNR=34, RX1_SNR=38

30111 [INFO] [CONFIG] Antenna3: TX0_SNR=33, RX0_SNR=36, TX1_SNR=33, RX1_SNR=37

30112 [INFO] [CONFIG] Antenna4: TX0_SNR=40, RX0_SNR=36, TX1_SNR=41, RX1_SNR=38

30113 [INFO] [CONFIG] Antenna5: TX0_SNR=42, RX0_SNR=11, TX1_SNR=43, RX1_SNR=13

30114 [INFO] [CONFIG] Antenna6: TX0_SNR=2, RX0_SNR=34, TX1_SNR=37, RX1_SNR=38

30115 [INFO] [CONFIG] Antenna7: TX0_SNR=35, RX0_SNR=35, TX1_SNR=2, RX1_SNR=34

30116 [INFO] [CONFIG] Valid SNR count: 28 (threshold: 32)

30137 [INFO] [CONFIG] === ACM SNR values ===

30138 [INFO] [CONFIG] Antenna0: TX0_SNR=35, RX0_SNR=35, TX1_SNR=35, RX1_SNR=36

30139 [INFO] [CONFIG] Antenna1: TX0_SNR=37, RX0_SNR=34, TX1_SNR=37, RX1_SNR=39

30140 [INFO] [CONFIG] Antenna2: TX0_SNR=34, RX0_SNR=34, TX1_SNR=35, RX1_SNR=37

30141 [INFO] [CONFIG] Antenna3: TX0_SNR=34, RX0_SNR=35, TX1_SNR=34, RX1_SNR=37

30142 [INFO] [CONFIG] Antenna4: TX0_SNR=41, RX0_SNR=35, TX1_SNR=41, RX1_SNR=38

30143 [INFO] [CONFIG] Antenna5: TX0_SNR=43, RX0_SNR=13, TX1_SNR=43, RX1_SNR=13

30144 [INFO] [CONFIG] Antenna6: TX0_SNR=15, RX0_SNR=35, TX1_SNR=38, RX1_SNR=37

30145 [INFO] [CONFIG] Antenna7: TX0_SNR=36, RX0_SNR=35, TX1_SNR=15, RX1_SNR=35

30146 [INFO] [CONFIG] Valid SNR count: 28 (threshold: 32)

30167 [INFO] [CONFIG] === ACM SNR values ===

30167 [INFO] [CONFIG] Antenna0: TX0_SNR=34, RX0_SNR=34, TX1_SNR=34, RX1_SNR=38

30168 [INFO] [CONFIG] Antenna1: TX0_SNR=37, RX0_SNR=34, TX1_SNR=37, RX1_SNR=36

30169 [INFO] [CONFIG] Antenna2: TX0_SNR=34, RX0_SNR=34, TX1_SNR=34, RX1_SNR=36

30170 [INFO] [CONFIG] Antenna3: TX0_SNR=33, RX0_SNR=35, TX1_SNR=33, RX1_SNR=36

30171 [INFO] [CONFIG] Antenna4: TX0_SNR=41, RX0_SNR=36, TX1_SNR=41, RX1_SNR=39

30172 [INFO] [CONFIG] Antenna5: TX0_SNR=43, RX0_SNR=12, TX1_SNR=43, RX1_SNR=10

30173 [INFO] [CONFIG] Antenna6: TX0_SNR=15, RX0_SNR=34, TX1_SNR=37, RX1_SNR=38

30174 [INFO] [CONFIG] Antenna7: TX0_SNR=36, RX0_SNR=35, TX1_SNR=14, RX1_SNR=34

30175 [INFO] [CONFIG] Valid SNR count: 28 (threshold: 32)

30196 [INFO] [CONFIG] === ACM SNR values ===

30197 [INFO] [CONFIG] Antenna0: TX0_SNR=34, RX0_SNR=35, TX1_SNR=33, RX1_SNR=37

30198 [INFO] [CONFIG] Antenna1: TX0_SNR=37, RX0_SNR=33, TX1_SNR=36, RX1_SNR=36

30199 [INFO] [CONFIG] Antenna2: TX0_SNR=34, RX0_SNR=35, TX1_SNR=33, RX1_SNR=37

30200 [INFO] [CONFIG] Antenna3: TX0_SNR=33, RX0_SNR=35, TX1_SNR=33, RX1_SNR=36

30201 [INFO] [CONFIG] Antenna4: TX0_SNR=41, RX0_SNR=36, TX1_SNR=40, RX1_SNR=37

30201 [INFO] [CONFIG] Antenna5: TX0_SNR=43, RX0_SNR=14, TX1_SNR=42, RX1_SNR=13

30202 [INFO] [CONFIG] Antenna6: TX0_SNR=15, RX0_SNR=34, TX1_SNR=36, RX1_SNR=37

30203 [INFO] [CONFIG] Antenna7: TX0_SNR=36, RX0_SNR=35, TX1_SNR=13, RX1_SNR=33

30204 [INFO] [CONFIG] Valid SNR count: 28 (threshold: 32)

30225 [INFO] [CONFIG] === ACM SNR values ===

30226 [INFO] [CONFIG] Antenna0: TX0_SNR=34, RX0_SNR=34, TX1_SNR=33, RX1_SNR=36

30227 [INFO] [CONFIG] Antenna1: TX0_SNR=36, RX0_SNR=33, TX1_SNR=36, RX1_SNR=37

30228 [INFO] [CONFIG] Antenna2: TX0_SNR=33, RX0_SNR=34, TX1_SNR=33, RX1_SNR=36

30229 [INFO] [CONFIG] Antenna3: TX0_SNR=33, RX0_SNR=35, TX1_SNR=33, RX1_SNR=37

30230 [INFO] [CONFIG] Antenna4: TX0_SNR=40, RX0_SNR=35, TX1_SNR=40, RX1_SNR=38

30231 [INFO] [CONFIG] Antenna5: TX0_SNR=42, RX0_SNR=14, TX1_SNR=42, RX1_SNR=11

30232 [INFO] [CONFIG] Antenna6: TX0_SNR=2, RX0_SNR=34, TX1_SNR=36, RX1_SNR=37

30233 [INFO] [CONFIG] Antenna7: TX0_SNR=35, RX0_SNR=35, TX1_SNR=13, RX1_SNR=33

30234 [INFO] [CONFIG] Valid SNR count: 28 (threshold: 32)

30255 [INFO] [CONFIG] === ACM SNR values ===

30255 [INFO] [CONFIG] Antenna0: TX0_SNR=34, RX0_SNR=35, TX1_SNR=33, RX1_SNR=36

30256 [INFO] [CONFIG] Antenna1: TX0_SNR=36, RX0_SNR=34, TX1_SNR=36, RX1_SNR=37

30257 [INFO] [CONFIG] Antenna2: TX0_SNR=33, RX0_SNR=34, TX1_SNR=33, RX1_SNR=35

30258 [INFO] [CONFIG] Antenna3: TX0_SNR=33, RX0_SNR=34, TX1_SNR=33, RX1_SNR=37

30259 [INFO] [CONFIG] Antenna4: TX0_SNR=40, RX0_SNR=35, TX1_SNR=40, RX1_SNR=38

30260 [INFO] [CONFIG] Antenna5: TX0_SNR=42, RX0_SNR=13, TX1_SNR=42, RX1_SNR=11

30261 [INFO] [CONFIG] Antenna6: TX0_SNR=2, RX0_SNR=34, TX1_SNR=36, RX1_SNR=36

30262 [INFO] [CONFIG] Antenna7: TX0_SNR=35, RX0_SNR=35, TX1_SNR=13, RX1_SNR=33

30263 [INFO] [CONFIG] Valid SNR count: 28 (threshold: 32)

30284 [INFO] [CONFIG] === ACM SNR values ===

30285 [INFO] [CONFIG] Antenna0: TX0_SNR=34, RX0_SNR=34, TX1_SNR=33, RX1_SNR=37

30286 [INFO] [CONFIG] Antenna1: TX0_SNR=37, RX0_SNR=34, TX1_SNR=36, RX1_SNR=37

30287 [INFO] [CONFIG] Antenna2: TX0_SNR=34, RX0_SNR=34, TX1_SNR=33, RX1_SNR=37

30288 [INFO] [CONFIG] Antenna3: TX0_SNR=33, RX0_SNR=36, TX1_SNR=32, RX1_SNR=37

30289 [INFO] [CONFIG] Antenna4: TX0_SNR=41, RX0_SNR=35, TX1_SNR=40, RX1_SNR=37

30290 [INFO] [CONFIG] Antenna5: TX0_SNR=43, RX0_SNR=14, TX1_SNR=42, RX1_SNR=12

30291 [INFO] [CONFIG] Antenna6: TX0_SNR=2, RX0_SNR=34, TX1_SNR=36, RX1_SNR=37

30292 [INFO] [CONFIG] Antenna7: TX0_SNR=36, RX0_SNR=34, TX1_SNR=0, RX1_SNR=33

30293 [INFO] [CONFIG] Valid SNR count: 28 (threshold: 32)

30314 [INFO] [CONFIG] === ACM SNR values ===

30314 [INFO] [CONFIG] Antenna0: TX0_SNR=34, RX0_SNR=33, TX1_SNR=34, RX1_SNR=37

30315 [INFO] [CONFIG] Antenna1: TX0_SNR=36, RX0_SNR=34, TX1_SNR=36, RX1_SNR=35

30316 [INFO] [CONFIG] Antenna2: TX0_SNR=34, RX0_SNR=34, TX1_SNR=34, RX1_SNR=36

30317 [INFO] [CONFIG] Antenna3: TX0_SNR=33, RX0_SNR=34, TX1_SNR=33, RX1_SNR=36

30318 [INFO] [CONFIG] Antenna4: TX0_SNR=41, RX0_SNR=34, TX1_SNR=41, RX1_SNR=37

30319 [INFO] [CONFIG] Antenna5: TX0_SNR=42, RX0_SNR=14, TX1_SNR=42, RX1_SNR=14

30320 [INFO] [CONFIG] Antenna6: TX0_SNR=2, RX0_SNR=34, TX1_SNR=37, RX1_SNR=37

30321 [INFO] [CONFIG] Antenna7: TX0_SNR=36, RX0_SNR=34, TX1_SNR=1, RX1_SNR=34

30322 [INFO] [CONFIG] Valid SNR count: 28 (threshold: 32)

30343 [INFO] [CONFIG] === ACM SNR values ===

30343 [INFO] [CONFIG] Antenna0: TX0_SNR=34, RX0_SNR=35, TX1_SNR=33, RX1_SNR=37

30344 [INFO] [CONFIG] Antenna1: TX0_SNR=36, RX0_SNR=34, TX1_SNR=35, RX1_SNR=36

30345 [INFO] [CONFIG] Antenna2: TX0_SNR=34, RX0_SNR=34, TX1_SNR=33, RX1_SNR=36

30346 [INFO] [CONFIG] Antenna3: TX0_SNR=33, RX0_SNR=35, TX1_SNR=32, RX1_SNR=38

30347 [INFO] [CONFIG] Antenna4: TX0_SNR=41, RX0_SNR=35, TX1_SNR=39, RX1_SNR=38

30348 [INFO] [CONFIG] Antenna5: TX0_SNR=42, RX0_SNR=13, TX1_SNR=41, RX1_SNR=13

30349 [INFO] [CONFIG] Antenna6: TX0_SNR=2, RX0_SNR=34, TX1_SNR=36, RX1_SNR=38

30350 [INFO] [CONFIG] Antenna7: TX0_SNR=36, RX0_SNR=35, TX1_SNR=0, RX1_SNR=33

30351 [INFO] [CONFIG] Valid SNR count: 28 (threshold: 32)

30372 [INFO] [CONFIG] === ACM SNR values ===

30373 [INFO] [CONFIG] Antenna0: TX0_SNR=32, RX0_SNR=34, TX1_SNR=33, RX1_SNR=37

30374 [INFO] [CONFIG] Antenna1: TX0_SNR=35, RX0_SNR=34, TX1_SNR=36, RX1_SNR=37

30375 [INFO] [CONFIG] Antenna2: TX0_SNR=32, RX0_SNR=35, TX1_SNR=33, RX1_SNR=36

30376 [INFO] [CONFIG] Antenna3: TX0_SNR=32, RX0_SNR=34, TX1_SNR=32, RX1_SNR=37

30377 [INFO] [CONFIG] Antenna4: TX0_SNR=39, RX0_SNR=34, TX1_SNR=40, RX1_SNR=37

30378 [INFO] [CONFIG] Antenna5: TX0_SNR=41, RX0_SNR=15, TX1_SNR=42, RX1_SNR=14

30379 [INFO] [CONFIG] Antenna6: TX0_SNR=0, RX0_SNR=32, TX1_SNR=36, RX1_SNR=37

30380 [INFO] [CONFIG] Antenna7: TX0_SNR=34, RX0_SNR=34, TX1_SNR=0, RX1_SNR=33

30381 [INFO] [CONFIG] Valid SNR count: 28 (threshold: 32)

30402 [INFO] [CONFIG] === ACM SNR values ===

30402 [INFO] [CONFIG] Antenna0: TX0_SNR=33, RX0_SNR=35, TX1_SNR=33, RX1_SNR=37

30403 [INFO] [CONFIG] Antenna1: TX0_SNR=35, RX0_SNR=34, TX1_SNR=35, RX1_SNR=36

30404 [INFO] [CONFIG] Antenna2: TX0_SNR=32, RX0_SNR=33, TX1_SNR=33, RX1_SNR=37

30405 [INFO] [CONFIG] Antenna3: TX0_SNR=32, RX0_SNR=33, TX1_SNR=32, RX1_SNR=36

30406 [INFO] [CONFIG] Antenna4: TX0_SNR=39, RX0_SNR=34, TX1_SNR=39, RX1_SNR=37

30407 [INFO] [CONFIG] Antenna5: TX0_SNR=41, RX0_SNR=12, TX1_SNR=41, RX1_SNR=12

30408 [INFO] [CONFIG] Antenna6: TX0_SNR=0, RX0_SNR=33, TX1_SNR=36, RX1_SNR=36

30409 [INFO] [CONFIG] Antenna7: TX0_SNR=34, RX0_SNR=34, TX1_SNR=-1, RX1_SNR=33

30410 [INFO] [CONFIG] Valid SNR count: 28 (threshold: 32)

30431 [INFO] [CONFIG] === ACM SNR values ===

30432 [INFO] [CONFIG] Antenna0: TX0_SNR=33, RX0_SNR=35, TX1_SNR=34, RX1_SNR=35

30433 [INFO] [CONFIG] Antenna1: TX0_SNR=36, RX0_SNR=35, TX1_SNR=36, RX1_SNR=35

30434 [INFO] [CONFIG] Antenna2: TX0_SNR=33, RX0_SNR=34, TX1_SNR=33, RX1_SNR=36

30435 [INFO] [CONFIG] Antenna3: TX0_SNR=32, RX0_SNR=34, TX1_SNR=33, RX1_SNR=37

30436 [INFO] [CONFIG] Antenna4: TX0_SNR=40, RX0_SNR=34, TX1_SNR=40, RX1_SNR=37

30437 [INFO] [CONFIG] Antenna5: TX0_SNR=42, RX0_SNR=15, TX1_SNR=42, RX1_SNR=15

30438 [INFO] [CONFIG] Antenna6: TX0_SNR=1, RX0_SNR=33, TX1_SNR=36, RX1_SNR=36

30439 [INFO] [CONFIG] Antenna7: TX0_SNR=35, RX0_SNR=34, TX1_SNR=0, RX1_SNR=34

30439 [INFO] [CONFIG] Valid SNR count: 28 (threshold: 32)

30460 [INFO] [CONFIG] === ACM SNR values ===

30461 [INFO] [CONFIG] Antenna0: TX0_SNR=33, RX0_SNR=35, TX1_SNR=33, RX1_SNR=36

30462 [INFO] [CONFIG] Antenna1: TX0_SNR=36, RX0_SNR=34, TX1_SNR=35, RX1_SNR=37

30463 [INFO] [CONFIG] Antenna2: TX0_SNR=33, RX0_SNR=34, TX1_SNR=32, RX1_SNR=38

30464 [INFO] [CONFIG] Antenna3: TX0_SNR=33, RX0_SNR=34, TX1_SNR=32, RX1_SNR=36

30465 [INFO] [CONFIG] Antenna4: TX0_SNR=40, RX0_SNR=34, TX1_SNR=39, RX1_SNR=37

30466 [INFO] [CONFIG] Antenna5: TX0_SNR=42, RX0_SNR=15, TX1_SNR=41, RX1_SNR=14

30467 [INFO] [CONFIG] Antenna6: TX0_SNR=1, RX0_SNR=33, TX1_SNR=35, RX1_SNR=36

30468 [INFO] [CONFIG] Antenna7: TX0_SNR=35, RX0_SNR=34, TX1_SNR=11, RX1_SNR=33

30469 [INFO] [CONFIG] Valid SNR count: 28 (threshold: 32)

30490 [INFO] [CONFIG] === ACM SNR values ===

30490 [INFO] [CONFIG] Antenna0: TX0_SNR=32, RX0_SNR=34, TX1_SNR=33, RX1_SNR=37

30491 [INFO] [CONFIG] Antenna1: TX0_SNR=35, RX0_SNR=33, TX1_SNR=36, RX1_SNR=36

30492 [INFO] [CONFIG] Antenna2: TX0_SNR=32, RX0_SNR=34, TX1_SNR=33, RX1_SNR=37

30493 [INFO] [CONFIG] Antenna3: TX0_SNR=32, RX0_SNR=35, TX1_SNR=32, RX1_SNR=35

30494 [INFO] [CONFIG] Antenna4: TX0_SNR=39, RX0_SNR=34, TX1_SNR=40, RX1_SNR=36

30495 [INFO] [CONFIG] Antenna5: TX0_SNR=41, RX0_SNR=15, TX1_SNR=42, RX1_SNR=14

30496 [INFO] [CONFIG] Antenna6: TX0_SNR=0, RX0_SNR=32, TX1_SNR=36, RX1_SNR=37

30497 [INFO] [CONFIG] Antenna7: TX0_SNR=34, RX0_SNR=34, TX1_SNR=0, RX1_SNR=33

30498 [INFO] [CONFIG] Valid SNR count: 28 (threshold: 32)

30519 [INFO] [CONFIG] === ACM SNR values ===

30520 [INFO] [CONFIG] Antenna0: TX0_SNR=32, RX0_SNR=33, TX1_SNR=32, RX1_SNR=35

30521 [INFO] [CONFIG] Antenna1: TX0_SNR=35, RX0_SNR=33, TX1_SNR=35, RX1_SNR=35

30522 [INFO] [CONFIG] Antenna2: TX0_SNR=32, RX0_SNR=33, TX1_SNR=32, RX1_SNR=36

30523 [INFO] [CONFIG] Antenna3: TX0_SNR=31, RX0_SNR=33, TX1_SNR=31, RX1_SNR=36

30524 [INFO] [CONFIG] Antenna4: TX0_SNR=39, RX0_SNR=34, TX1_SNR=39, RX1_SNR=36

30525 [INFO] [CONFIG] Antenna5: TX0_SNR=41, RX0_SNR=15, TX1_SNR=41, RX1_SNR=15

30526 [INFO] [CONFIG] Antenna6: TX0_SNR=-1, RX0_SNR=32, TX1_SNR=35, RX1_SNR=36

30527 [INFO] [CONFIG] Antenna7: TX0_SNR=34, RX0_SNR=33, TX1_SNR=-2, RX1_SNR=32

30528 [INFO] [CONFIG] Valid SNR count: 26 (threshold: 32)

30549 [INFO] [CONFIG] === ACM SNR values ===

30549 [INFO] [CONFIG] Antenna0: TX0_SNR=32, RX0_SNR=33, TX1_SNR=32, RX1_SNR=35

30550 [INFO] [CONFIG] Antenna1: TX0_SNR=35, RX0_SNR=33, TX1_SNR=35, RX1_SNR=36

30551 [INFO] [CONFIG] Antenna2: TX0_SNR=32, RX0_SNR=33, TX1_SNR=32, RX1_SNR=36

30552 [INFO] [CONFIG] Antenna3: TX0_SNR=31, RX0_SNR=34, TX1_SNR=31, RX1_SNR=35

30553 [INFO] [CONFIG] Antenna4: TX0_SNR=39, RX0_SNR=34, TX1_SNR=39, RX1_SNR=36

30554 [INFO] [CONFIG] Antenna5: TX0_SNR=41, RX0_SNR=14, TX1_SNR=40, RX1_SNR=14

30555 [INFO] [CONFIG] Antenna6: TX0_SNR=-1, RX0_SNR=32, TX1_SNR=35, RX1_SNR=36

30556 [INFO] [CONFIG] Antenna7: TX0_SNR=34, RX0_SNR=33, TX1_SNR=-2, RX1_SNR=32

30557 [INFO] [CONFIG] Valid SNR count: 26 (threshold: 32)

30578 [INFO] [CONFIG] === ACM SNR values ===

30579 [INFO] [CONFIG] Antenna0: TX0_SNR=32, RX0_SNR=33, TX1_SNR=32, RX1_SNR=34

30580 [INFO] [CONFIG] Antenna1: TX0_SNR=35, RX0_SNR=33, TX1_SNR=35, RX1_SNR=35

30581 [INFO] [CONFIG] Antenna2: TX0_SNR=32, RX0_SNR=33, TX1_SNR=32, RX1_SNR=37

30582 [INFO] [CONFIG] Antenna3: TX0_SNR=31, RX0_SNR=33, TX1_SNR=31, RX1_SNR=36

30582 [INFO] [CONFIG] Antenna4: TX0_SNR=39, RX0_SNR=34, TX1_SNR=39, RX1_SNR=36

30583 [INFO] [CONFIG] Antenna5: TX0_SNR=41, RX0_SNR=13, TX1_SNR=41, RX1_SNR=16

30584 [INFO] [CONFIG] Antenna6: TX0_SNR=-1, RX0_SNR=32, TX1_SNR=35, RX1_SNR=35

30585 [INFO] [CONFIG] Antenna7: TX0_SNR=34, RX0_SNR=33, TX1_SNR=-2, RX1_SNR=32

30586 [INFO] [CONFIG] Valid SNR count: 26 (threshold: 32)

30607 [INFO] [CONFIG] === ACM SNR values ===

30608 [INFO] [CONFIG] Antenna0: TX0_SNR=32, RX0_SNR=34, TX1_SNR=32, RX1_SNR=34

30609 [INFO] [CONFIG] Antenna1: TX0_SNR=35, RX0_SNR=33, TX1_SNR=35, RX1_SNR=35

30610 [INFO] [CONFIG] Antenna2: TX0_SNR=32, RX0_SNR=32, TX1_SNR=32, RX1_SNR=37

30611 [INFO] [CONFIG] Antenna3: TX0_SNR=31, RX0_SNR=34, TX1_SNR=31, RX1_SNR=36

30612 [INFO] [CONFIG] Antenna4: TX0_SNR=39, RX0_SNR=33, TX1_SNR=39, RX1_SNR=36

30613 [INFO] [CONFIG] Antenna5: TX0_SNR=41, RX0_SNR=14, TX1_SNR=41, RX1_SNR=15

30614 [INFO] [CONFIG] Antenna6: TX0_SNR=-1, RX0_SNR=32, TX1_SNR=35, RX1_SNR=36

30615 [INFO] [CONFIG] Antenna7: TX0_SNR=34, RX0_SNR=33, TX1_SNR=-2, RX1_SNR=32

30616 [INFO] [CONFIG] Valid SNR count: 26 (threshold: 32)

30637 [INFO] [CONFIG] === ACM SNR values ===

30637 [INFO] [CONFIG] Antenna0: TX0_SNR=33, RX0_SNR=34, TX1_SNR=32, RX1_SNR=36

30638 [INFO] [CONFIG] Antenna1: TX0_SNR=35, RX0_SNR=34, TX1_SNR=35, RX1_SNR=35

30639 [INFO] [CONFIG] Antenna2: TX0_SNR=33, RX0_SNR=33, TX1_SNR=32, RX1_SNR=37

30640 [INFO] [CONFIG] Antenna3: TX0_SNR=32, RX0_SNR=34, TX1_SNR=32, RX1_SNR=35

30641 [INFO] [CONFIG] Antenna4: TX0_SNR=39, RX0_SNR=34, TX1_SNR=39, RX1_SNR=36

30642 [INFO] [CONFIG] Antenna5: TX0_SNR=41, RX0_SNR=16, TX1_SNR=41, RX1_SNR=14

30643 [INFO] [CONFIG] Antenna6: TX0_SNR=0, RX0_SNR=33, TX1_SNR=35, RX1_SNR=36

30644 [INFO] [CONFIG] Antenna7: TX0_SNR=35, RX0_SNR=34, TX1_SNR=-1, RX1_SNR=32

30645 [INFO] [CONFIG] Valid SNR count: 28 (threshold: 32)

30646 [INFO] [CONFIG] i = 0,Tmp0 = 22,Tmp1 = 28

30647 [INFO] [CONFIG] i = 1,Tmp0 = 22,Tmp1 = 28

30647 [INFO] [CONFIG] i = 2,Tmp0 = 22,Tmp1 = 26

30648 [INFO] [CONFIG] i = 3,Tmp0 = 22,Tmp1 = 28

30648 [INFO] [CONFIG] i = 4,Tmp0 = 24,Tmp1 = 24

30649 [INFO] [CONFIG] i = 5,Tmp0 = 22,Tmp1 = 28

30650 [INFO] [CONFIG] i = 6,Tmp0 = 24,Tmp1 = 26

30650 [INFO] [CONFIG] i = 7,Tmp0 = 22,Tmp1 = 28

30651 [INFO] [CONFIG] i = 8,Tmp0 = 18,Tmp1 = 22

30651 [INFO] [CONFIG] i = 9,Tmp0 = 22,Tmp1 = 28

30652 [INFO] [CONFIG] i = 10,Tmp0 = 38,Tmp1 = 40

30653 [INFO] [CONFIG] i = 11,Tmp0 = 22,Tmp1 = 28

30653 [INFO] [CONFIG] i = 12,Tmp0 = 20,Tmp1 = 22

30654 [INFO] [CONFIG] i = 13,Tmp0 = 22,Tmp1 = 28

30655 [INFO] [CONFIG] i = 14,Tmp0 = 20,Tmp1 = 20

30655 [INFO] [CONFIG] ACM auto-gain completed

30656 [INFO] [CORE] ACM auto-gain get completed

30656 [INFO] [CORE] Start ACM calibration 1 (target count: 20, SNR threshold: 28)...

30658 [INFO] [CONFIG] Run ACM calibration (count: 20, SNR threshold: 28)...

30679 [INFO] [CONFIG] === ACM SNR values ===

30679 [INFO] [CONFIG] Antenna0: TX0_SNR=37, RX0_SNR=36, TX1_SNR=36, RX1_SNR=40

30680 [INFO] [CONFIG] Antenna1: TX0_SNR=39, RX0_SNR=35, TX1_SNR=37, RX1_SNR=38

30681 [INFO] [CONFIG] Antenna2: TX0_SNR=37, RX0_SNR=38, TX1_SNR=34, RX1_SNR=39

30682 [INFO] [CONFIG] Antenna3: TX0_SNR=36, RX0_SNR=36, TX1_SNR=34, RX1_SNR=37

30683 [INFO] [CONFIG] Antenna4: TX0_SNR=42, RX0_SNR=39, TX1_SNR=40, RX1_SNR=41

30684 [INFO] [CONFIG] Antenna5: TX0_SNR=50, RX0_SNR=6, TX1_SNR=47, RX1_SNR=10

30685 [INFO] [CONFIG] Antenna6: TX0_SNR=24, RX0_SNR=37, TX1_SNR=36, RX1_SNR=36

30686 [INFO] [CONFIG] Antenna7: TX0_SNR=38, RX0_SNR=37, TX1_SNR=20, RX1_SNR=36

30687 [INFO] [CONFIG] Valid SNR count: 28 (threshold: 28)

30688 [INFO] [CONFIG] === ACM calibration factors ===

30689 [INFO] [CONFIG] Channel0: I=0x00008000 (1.000), Q=0x00000000 (0.000)

30690 [INFO] [CONFIG] Channel1: I=0x00005B76 (0.715), Q=0x00000333 (0.025)

30691 [INFO] [CONFIG] Channel2: I=0x000038FD (0.445), Q=0x0003DBED (-0.282)

30692 [INFO] [CONFIG] Channel3: I=0x00037B65 (-1.036), Q=0x0000181E (0.188)

30693 [INFO] [CONFIG] Channel4: I=0x00039432 (-0.842), Q=0x0003B352 (-0.599)

30694 [INFO] [CONFIG] Channel5: I=0x000041B0 (0.513), Q=0x0003D217 (-0.359)

30695 [INFO] [CONFIG] Channel6: I=0x00038F72 (-0.879), Q=0x0003D945 (-0.303)

30696 [INFO] [CONFIG] Channel7: I=0x0003B75A (-0.568), Q=0x00008784 (1.059)

30717 [INFO] [CONFIG] === ACM SNR values ===

30717 [INFO] [CONFIG] Antenna0: TX0_SNR=37, RX0_SNR=36, TX1_SNR=37, RX1_SNR=37

30718 [INFO] [CONFIG] Antenna1: TX0_SNR=39, RX0_SNR=33, TX1_SNR=38, RX1_SNR=33

30719 [INFO] [CONFIG] Antenna2: TX0_SNR=37, RX0_SNR=38, TX1_SNR=35, RX1_SNR=38

30720 [INFO] [CONFIG] Antenna3: TX0_SNR=36, RX0_SNR=35, TX1_SNR=35, RX1_SNR=38

30721 [INFO] [CONFIG] Antenna4: TX0_SNR=41, RX0_SNR=38, TX1_SNR=41, RX1_SNR=41

30722 [INFO] [CONFIG] Antenna5: TX0_SNR=50, RX0_SNR=6, TX1_SNR=48, RX1_SNR=9

30723 [INFO] [CONFIG] Antenna6: TX0_SNR=24, RX0_SNR=37, TX1_SNR=37, RX1_SNR=36

30724 [INFO] [CONFIG] Antenna7: TX0_SNR=37, RX0_SNR=36, TX1_SNR=21, RX1_SNR=37

30725 [INFO] [CONFIG] Valid SNR count: 28 (threshold: 28)

30726 [INFO] [CONFIG] === ACM calibration factors ===

30727 [INFO] [CONFIG] Channel0: I=0x00008000 (1.000), Q=0x00000000 (0.000)

30728 [INFO] [CONFIG] Channel1: I=0x00005CA6 (0.724), Q=0x0000048D (0.036)

30729 [INFO] [CONFIG] Channel2: I=0x000039C6 (0.451), Q=0x0003DC0D (-0.281)

30730 [INFO] [CONFIG] Channel3: I=0x0003763F (-1.076), Q=0x000017FC (0.187)

30731 [INFO] [CONFIG] Channel4: I=0x000394BD (-0.838), Q=0x0003B2CD (-0.603)

30732 [INFO] [CONFIG] Channel5: I=0x000042DD (0.522), Q=0x0003E60D (-0.203)

30733 [INFO] [CONFIG] Channel6: I=0x00038F16 (-0.882), Q=0x0003D864 (-0.309)

30734 [INFO] [CONFIG] Channel7: I=0x0003B8E8 (-0.555), Q=0x000088A5 (1.068)

30755 [INFO] [CONFIG] === ACM SNR values ===

30755 [INFO] [CONFIG] Antenna0: TX0_SNR=39, RX0_SNR=35, TX1_SNR=37, RX1_SNR=41

30756 [INFO] [CONFIG] Antenna1: TX0_SNR=41, RX0_SNR=34, TX1_SNR=39, RX1_SNR=35

30757 [INFO] [CONFIG] Antenna2: TX0_SNR=39, RX0_SNR=37, TX1_SNR=36, RX1_SNR=38

30758 [INFO] [CONFIG] Antenna3: TX0_SNR=39, RX0_SNR=39, TX1_SNR=35, RX1_SNR=39

30759 [INFO] [CONFIG] Antenna4: TX0_SNR=44, RX0_SNR=39, TX1_SNR=42, RX1_SNR=41

30760 [INFO] [CONFIG] Antenna5: TX0_SNR=52, RX0_SNR=7, TX1_SNR=49, RX1_SNR=7

30761 [INFO] [CONFIG] Antenna6: TX0_SNR=26, RX0_SNR=39, TX1_SNR=38, RX1_SNR=36

30762 [INFO] [CONFIG] Antenna7: TX0_SNR=39, RX0_SNR=39, TX1_SNR=22, RX1_SNR=37

30763 [INFO] [CONFIG] Valid SNR count: 28 (threshold: 28)

30764 [INFO] [CONFIG] === ACM calibration factors ===

30765 [INFO] [CONFIG] Channel0: I=0x00008000 (1.000), Q=0x00000000 (0.000)

30765 [INFO] [CONFIG] Channel1: I=0x00005A3E (0.705), Q=0x0000028C (0.020)

30766 [INFO] [CONFIG] Channel2: I=0x0000386A (0.441), Q=0x0003DAEE (-0.290)

30767 [INFO] [CONFIG] Channel3: I=0x00037834 (-1.061), Q=0x00001A8E (0.207)

30768 [INFO] [CONFIG] Channel4: I=0x000394AF (-0.838), Q=0x0003B134 (-0.616)

30769 [INFO] [CONFIG] Channel5: I=0x00003633 (0.423), Q=0x0003EF0C (-0.132)

30770 [INFO] [CONFIG] Channel6: I=0x000393F6 (-0.844), Q=0x0003D913 (-0.304)

30771 [INFO] [CONFIG] Channel7: I=0x0003B96B (-0.551), Q=0x00008CDF (1.101)

30792 [INFO] [CONFIG] === ACM SNR values ===

30793 [INFO] [CONFIG] Antenna0: TX0_SNR=40, RX0_SNR=36, TX1_SNR=38, RX1_SNR=38

30794 [INFO] [CONFIG] Antenna1: TX0_SNR=42, RX0_SNR=34, TX1_SNR=39, RX1_SNR=35

30795 [INFO] [CONFIG] Antenna2: TX0_SNR=40, RX0_SNR=36, TX1_SNR=36, RX1_SNR=36

30796 [INFO] [CONFIG] Antenna3: TX0_SNR=39, RX0_SNR=37, TX1_SNR=36, RX1_SNR=39

30797 [INFO] [CONFIG] Antenna4: TX0_SNR=45, RX0_SNR=39, TX1_SNR=42, RX1_SNR=40

30798 [INFO] [CONFIG] Antenna5: TX0_SNR=53, RX0_SNR=6, TX1_SNR=49, RX1_SNR=8

30799 [INFO] [CONFIG] Antenna6: TX0_SNR=27, RX0_SNR=40, TX1_SNR=38, RX1_SNR=37

30800 [INFO] [CONFIG] Antenna7: TX0_SNR=41, RX0_SNR=36, TX1_SNR=22, RX1_SNR=38

30801 [INFO] [CONFIG] Valid SNR count: 28 (threshold: 28)

30802 [INFO] [CONFIG] === ACM calibration factors ===

30802 [INFO] [CONFIG] Channel0: I=0x00008000 (1.000), Q=0x00000000 (0.000)

30803 [INFO] [CONFIG] Channel1: I=0x00005AB5 (0.709), Q=0x000001AB (0.013)

30804 [INFO] [CONFIG] Channel2: I=0x0000383F (0.439), Q=0x0003DCF8 (-0.274)

30805 [INFO] [CONFIG] Channel3: I=0x00037D17 (-1.023), Q=0x000016B4 (0.177)

30806 [INFO] [CONFIG] Channel4: I=0x0003956E (-0.833), Q=0x0003B45B (-0.591)

30807 [INFO] [CONFIG] Channel5: I=0x00003AAE (0.458), Q=0x0003E959 (-0.177)

30808 [INFO] [CONFIG] Channel6: I=0x000392BC (-0.854), Q=0x0003DB1F (-0.288)

30809 [INFO] [CONFIG] Channel7: I=0x0003B8CE (-0.556), Q=0x00008217 (1.016)

30830 [INFO] [CONFIG] === ACM SNR values ===

30831 [INFO] [CONFIG] Antenna0: TX0_SNR=36, RX0_SNR=34, TX1_SNR=36, RX1_SNR=40

30832 [INFO] [CONFIG] Antenna1: TX0_SNR=39, RX0_SNR=36, TX1_SNR=38, RX1_SNR=37

30833 [INFO] [CONFIG] Antenna2: TX0_SNR=37, RX0_SNR=39, TX1_SNR=35, RX1_SNR=33

30834 [INFO] [CONFIG] Antenna3: TX0_SNR=36, RX0_SNR=36, TX1_SNR=34, RX1_SNR=39

30835 [INFO] [CONFIG] Antenna4: TX0_SNR=41, RX0_SNR=39, TX1_SNR=41, RX1_SNR=41

30836 [INFO] [CONFIG] Antenna5: TX0_SNR=49, RX0_SNR=-1, TX1_SNR=48, RX1_SNR=5

30837 [INFO] [CONFIG] Antenna6: TX0_SNR=24, RX0_SNR=36, TX1_SNR=37, RX1_SNR=35

30838 [INFO] [CONFIG] Antenna7: TX0_SNR=37, RX0_SNR=37, TX1_SNR=21, RX1_SNR=36

30839 [INFO] [CONFIG] Valid SNR count: 28 (threshold: 28)

30839 [INFO] [CONFIG] === ACM calibration factors ===

30840 [INFO] [CONFIG] Channel0: I=0x00008000 (1.000), Q=0x00000000 (0.000)

30841 [INFO] [CONFIG] Channel1: I=0x00005FB4 (0.748), Q=0x0003FF92 (-0.003)

30842 [INFO] [CONFIG] Channel2: I=0x00003AA5 (0.458), Q=0x0003DB75 (-0.285)

30843 [INFO] [CONFIG] Channel3: I=0x00037713 (-1.070), Q=0x0000185F (0.190)

30844 [INFO] [CONFIG] Channel4: I=0x00039405 (-0.844), Q=0x0003B1AC (-0.612)

30845 [INFO] [CONFIG] Channel5: I=0x0000263B (0.299), Q=0x0003F11E (-0.116)

30846 [INFO] [CONFIG] Channel6: I=0x00038E58 (-0.888), Q=0x0003D8B7 (-0.307)

30847 [INFO] [CONFIG] Channel7: I=0x0003BBEB (-0.532), Q=0x00008CB4 (1.099)

30868 [INFO] [CONFIG] === ACM SNR values ===

30869 [INFO] [CONFIG] Antenna0: TX0_SNR=38, RX0_SNR=34, TX1_SNR=37, RX1_SNR=39

30869 [INFO] [CONFIG] Antenna1: TX0_SNR=40, RX0_SNR=34, TX1_SNR=39, RX1_SNR=38

30870 [INFO] [CONFIG] Antenna2: TX0_SNR=38, RX0_SNR=35, TX1_SNR=35, RX1_SNR=38

30871 [INFO] [CONFIG] Antenna3: TX0_SNR=38, RX0_SNR=38, TX1_SNR=35, RX1_SNR=36

30872 [INFO] [CONFIG] Antenna4: TX0_SNR=43, RX0_SNR=38, TX1_SNR=41, RX1_SNR=41

30873 [INFO] [CONFIG] Antenna5: TX0_SNR=51, RX0_SNR=2, TX1_SNR=48, RX1_SNR=2

30874 [INFO] [CONFIG] Antenna6: TX0_SNR=25, RX0_SNR=38, TX1_SNR=38, RX1_SNR=38

30875 [INFO] [CONFIG] Antenna7: TX0_SNR=39, RX0_SNR=35, TX1_SNR=21, RX1_SNR=37

30876 [INFO] [CONFIG] Valid SNR count: 28 (threshold: 28)

30877 [INFO] [CONFIG] === ACM calibration factors ===

30878 [INFO] [CONFIG] Channel0: I=0x00008000 (1.000), Q=0x00000000 (0.000)

30879 [INFO] [CONFIG] Channel1: I=0x00005FC1 (0.748), Q=0x0000032A (0.025)

30880 [INFO] [CONFIG] Channel2: I=0x00003A13 (0.454), Q=0x0003DA84 (-0.293)

30881 [INFO] [CONFIG] Channel3: I=0x00037723 (-1.069), Q=0x0000196F (0.199)

30882 [INFO] [CONFIG] Channel4: I=0x00039163 (-0.864), Q=0x0003AEF7 (-0.633)

30883 [INFO] [CONFIG] Channel5: I=0x000018A4 (0.193), Q=0x0003E75C (-0.193)

30884 [INFO] [CONFIG] Channel6: I=0x0003901D (-0.874), Q=0x0003D987 (-0.301)

30885 [INFO] [CONFIG] Channel7: I=0x0003BD2D (-0.522), Q=0x000085F7 (1.047)

30906 [INFO] [CONFIG] === ACM SNR values ===

30906 [INFO] [CONFIG] Antenna0: TX0_SNR=36, RX0_SNR=36, TX1_SNR=36, RX1_SNR=38

30907 [INFO] [CONFIG] Antenna1: TX0_SNR=38, RX0_SNR=35, TX1_SNR=38, RX1_SNR=36

30908 [INFO] [CONFIG] Antenna2: TX0_SNR=36, RX0_SNR=37, TX1_SNR=35, RX1_SNR=35

30909 [INFO] [CONFIG] Antenna3: TX0_SNR=35, RX0_SNR=38, TX1_SNR=34, RX1_SNR=40

30910 [INFO] [CONFIG] Antenna4: TX0_SNR=40, RX0_SNR=39, TX1_SNR=41, RX1_SNR=40

30911 [INFO] [CONFIG] Antenna5: TX0_SNR=49, RX0_SNR=2, TX1_SNR=48, RX1_SNR=6

30912 [INFO] [CONFIG] Antenna6: TX0_SNR=23, RX0_SNR=36, TX1_SNR=37, RX1_SNR=36

30913 [INFO] [CONFIG] Antenna7: TX0_SNR=36, RX0_SNR=35, TX1_SNR=21, RX1_SNR=36

30914 [INFO] [CONFIG] Valid SNR count: 28 (threshold: 28)

30915 [INFO] [CONFIG] === ACM calibration factors ===

30916 [INFO] [CONFIG] Channel0: I=0x00008000 (1.000), Q=0x00000000 (0.000)

30917 [INFO] [CONFIG] Channel1: I=0x00005CBF (0.725), Q=0x0003FE75 (-0.012)

30918 [INFO] [CONFIG] Channel2: I=0x0000388F (0.442), Q=0x0003D8C8 (-0.306)

30919 [INFO] [CONFIG] Channel3: I=0x0003777C (-1.067), Q=0x00001E49 (0.237)

30920 [INFO] [CONFIG] Channel4: I=0x0003935F (-0.849), Q=0x0003B4D5 (-0.587)

30921 [INFO] [CONFIG] Channel5: I=0x0000270B (0.305), Q=0x0003ED6A (-0.145)

30922 [INFO] [CONFIG] Channel6: I=0x000392A0 (-0.854), Q=0x0003DB4B (-0.287)

30923 [INFO] [CONFIG] Channel7: I=0x0003B7A6 (-0.565), Q=0x00008764 (1.058)

30944 [INFO] [CONFIG] === ACM SNR values ===

30944 [INFO] [CONFIG] Antenna0: TX0_SNR=36, RX0_SNR=36, TX1_SNR=36, RX1_SNR=37

30945 [INFO] [CONFIG] Antenna1: TX0_SNR=39, RX0_SNR=36, TX1_SNR=38, RX1_SNR=33

30946 [INFO] [CONFIG] Antenna2: TX0_SNR=37, RX0_SNR=38, TX1_SNR=35, RX1_SNR=37

30947 [INFO] [CONFIG] Antenna3: TX0_SNR=36, RX0_SNR=36, TX1_SNR=35, RX1_SNR=39

30948 [INFO] [CONFIG] Antenna4: TX0_SNR=41, RX0_SNR=38, TX1_SNR=41, RX1_SNR=41

30949 [INFO] [CONFIG] Antenna5: TX0_SNR=49, RX0_SNR=1, TX1_SNR=48, RX1_SNR=9

30950 [INFO] [CONFIG] Antenna6: TX0_SNR=24, RX0_SNR=36, TX1_SNR=37, RX1_SNR=35

30951 [INFO] [CONFIG] Antenna7: TX0_SNR=37, RX0_SNR=36, TX1_SNR=21, RX1_SNR=36

30952 [INFO] [CONFIG] Valid SNR count: 28 (threshold: 28)

30953 [INFO] [CONFIG] === ACM calibration factors ===

30954 [INFO] [CONFIG] Channel0: I=0x00008000 (1.000), Q=0x00000000 (0.000)

30955 [INFO] [CONFIG] Channel1: I=0x000059F8 (0.703), Q=0x000001D0 (0.014)

30956 [INFO] [CONFIG] Channel2: I=0x0000376B (0.433), Q=0x0003DCBA (-0.276)

30956 [INFO] [CONFIG] Channel3: I=0x00037B3B (-1.037), Q=0x000018F9 (0.195)

30957 [INFO] [CONFIG] Channel4: I=0x000395FA (-0.828), Q=0x0003B46E (-0.590)

30958 [INFO] [CONFIG] Channel5: I=0x00003BDC (0.468), Q=0x0003E9DD (-0.173)

30959 [INFO] [CONFIG] Channel6: I=0x00039380 (-0.848), Q=0x0003D6C9 (-0.322)

30960 [INFO] [CONFIG] Channel7: I=0x0003B86D (-0.559), Q=0x00008E7D (1.113)

30981 [INFO] [CONFIG] === ACM SNR values ===

30982 [INFO] [CONFIG] Antenna0: TX0_SNR=38, RX0_SNR=35, TX1_SNR=38, RX1_SNR=38

30983 [INFO] [CONFIG] Antenna1: TX0_SNR=40, RX0_SNR=33, TX1_SNR=40, RX1_SNR=37

30984 [INFO] [CONFIG] Antenna2: TX0_SNR=38, RX0_SNR=36, TX1_SNR=36, RX1_SNR=37

30985 [INFO] [CONFIG] Antenna3: TX0_SNR=37, RX0_SNR=37, TX1_SNR=36, RX1_SNR=37

30986 [INFO] [CONFIG] Antenna4: TX0_SNR=42, RX0_SNR=38, TX1_SNR=42, RX1_SNR=40

30987 [INFO] [CONFIG] Antenna5: TX0_SNR=51, RX0_SNR=8, TX1_SNR=49, RX1_SNR=8

30988 [INFO] [CONFIG] Antenna6: TX0_SNR=25, RX0_SNR=38, TX1_SNR=39, RX1_SNR=40

30989 [INFO] [CONFIG] Antenna7: TX0_SNR=38, RX0_SNR=37, TX1_SNR=22, RX1_SNR=38

30990 [INFO] [CONFIG] Valid SNR count: 28 (threshold: 28)

30991 [INFO] [CONFIG] === ACM calibration factors ===

30991 [INFO] [CONFIG] Channel0: I=0x00008000 (1.000), Q=0x00000000 (0.000)

30992 [INFO] [CONFIG] Channel1: I=0x00005751 (0.682), Q=0x0000007A (0.004)

30993 [INFO] [CONFIG] Channel2: I=0x0000371D (0.431), Q=0x0003DAF8 (-0.289)

30994 [INFO] [CONFIG] Channel3: I=0x00037E5E (-1.013), Q=0x00001CD6 (0.225)

30995 [INFO] [CONFIG] Channel4: I=0x0003954A (-0.834), Q=0x0003B44E (-0.591)

30996 [INFO] [CONFIG] Channel5: I=0x00003500 (0.414), Q=0x0003DDF5 (-0.266)

30997 [INFO] [CONFIG] Channel6: I=0x00039417 (-0.843), Q=0x0003DA6C (-0.294)

30998 [INFO] [CONFIG] Channel7: I=0x0003B825 (-0.561), Q=0x00008DF1 (1.109)

31019 [INFO] [CONFIG] === ACM SNR values ===

31020 [INFO] [CONFIG] Antenna0: TX0_SNR=38, RX0_SNR=38, TX1_SNR=36, RX1_SNR=38

31021 [INFO] [CONFIG] Antenna1: TX0_SNR=40, RX0_SNR=33, TX1_SNR=38, RX1_SNR=40

31022 [INFO] [CONFIG] Antenna2: TX0_SNR=38, RX0_SNR=37, TX1_SNR=35, RX1_SNR=34

31023 [INFO] [CONFIG] Antenna3: TX0_SNR=37, RX0_SNR=39, TX1_SNR=34, RX1_SNR=37

31024 [INFO] [CONFIG] Antenna4: TX0_SNR=43, RX0_SNR=38, TX1_SNR=41, RX1_SNR=41

31025 [INFO] [CONFIG] Antenna5: TX0_SNR=51, RX0_SNR=0, TX1_SNR=48, RX1_SNR=4

31026 [INFO] [CONFIG] Antenna6: TX0_SNR=25, RX0_SNR=38, TX1_SNR=37, RX1_SNR=38

31027 [INFO] [CONFIG] Antenna7: TX0_SNR=39, RX0_SNR=36, TX1_SNR=21, RX1_SNR=36

31028 [INFO] [CONFIG] Valid SNR count: 28 (threshold: 28)

31029 [INFO] [CONFIG] === ACM calibration factors ===

31029 [INFO] [CONFIG] Channel0: I=0x00008000 (1.000), Q=0x00000000 (0.000)

31030 [INFO] [CONFIG] Channel1: I=0x00005C02 (0.719), Q=0x00000194 (0.012)

31031 [INFO] [CONFIG] Channel2: I=0x000037C5 (0.436), Q=0x0003DA09 (-0.297)

31032 [INFO] [CONFIG] Channel3: I=0x00037769 (-1.067), Q=0x00001A82 (0.207)

31033 [INFO] [CONFIG] Channel4: I=0x000396B6 (-0.823), Q=0x0003B0EB (-0.618)

31034 [INFO] [CONFIG] Channel5: I=0x000021F9 (0.265), Q=0x0003F140 (-0.115)

31035 [INFO] [CONFIG] Channel6: I=0x0003919F (-0.862), Q=0x0003DA9C (-0.292)

31036 [INFO] [CONFIG] Channel7: I=0x0003BFF5 (-0.500), Q=0x000088D3 (1.069)

31057 [INFO] [CONFIG] === ACM SNR values ===

31058 [INFO] [CONFIG] Antenna0: TX0_SNR=37, RX0_SNR=35, TX1_SNR=36, RX1_SNR=34

31059 [INFO] [CONFIG] Antenna1: TX0_SNR=40, RX0_SNR=35, TX1_SNR=38, RX1_SNR=35

31060 [INFO] [CONFIG] Antenna2: TX0_SNR=38, RX0_SNR=37, TX1_SNR=35, RX1_SNR=37

31061 [INFO] [CONFIG] Antenna3: TX0_SNR=37, RX0_SNR=39, TX1_SNR=35, RX1_SNR=36

31062 [INFO] [CONFIG] Antenna4: TX0_SNR=42, RX0_SNR=37, TX1_SNR=41, RX1_SNR=40

31063 [INFO] [CONFIG] Antenna5: TX0_SNR=50, RX0_SNR=6, TX1_SNR=48, RX1_SNR=2

31063 [INFO] [CONFIG] Antenna6: TX0_SNR=25, RX0_SNR=37, TX1_SNR=37, RX1_SNR=37

31064 [INFO] [CONFIG] Antenna7: TX0_SNR=38, RX0_SNR=38, TX1_SNR=21, RX1_SNR=36

31065 [INFO] [CONFIG] Valid SNR count: 28 (threshold: 28)

31066 [INFO] [CONFIG] === ACM calibration factors ===

31067 [INFO] [CONFIG] Channel0: I=0x00008000 (1.000), Q=0x00000000 (0.000)

31068 [INFO] [CONFIG] Channel1: I=0x00005C1F (0.720), Q=0x0003FF6C (-0.005)

31069 [INFO] [CONFIG] Channel2: I=0x00003733 (0.431), Q=0x0003DBCD (-0.283)

31070 [INFO] [CONFIG] Channel3: I=0x00037C50 (-1.029), Q=0x00001A7F (0.207)

31071 [INFO] [CONFIG] Channel4: I=0x00039285 (-0.855), Q=0x0003B251 (-0.607)

31072 [INFO] [CONFIG] Channel5: I=0x000012AE (0.146), Q=0x0003E81E (-0.187)

31073 [INFO] [CONFIG] Channel6: I=0x0003913B (-0.865), Q=0x0003DB71 (-0.286)

31074 [INFO] [CONFIG] Channel7: I=0x0003B7D9 (-0.564), Q=0x00008652 (1.049)

31095 [INFO] [CONFIG] === ACM SNR values ===

31095 [INFO] [CONFIG] Antenna0: TX0_SNR=37, RX0_SNR=39, TX1_SNR=38, RX1_SNR=36

31096 [INFO] [CONFIG] Antenna1: TX0_SNR=39, RX0_SNR=37, TX1_SNR=40, RX1_SNR=37

31097 [INFO] [CONFIG] Antenna2: TX0_SNR=38, RX0_SNR=38, TX1_SNR=37, RX1_SNR=33

31098 [INFO] [CONFIG] Antenna3: TX0_SNR=37, RX0_SNR=38, TX1_SNR=37, RX1_SNR=36

31099 [INFO] [CONFIG] Antenna4: TX0_SNR=42, RX0_SNR=38, TX1_SNR=43, RX1_SNR=42

31100 [INFO] [CONFIG] Antenna5: TX0_SNR=50, RX0_SNR=-1, TX1_SNR=50, RX1_SNR=8

31101 [INFO] [CONFIG] Antenna6: TX0_SNR=25, RX0_SNR=37, TX1_SNR=39, RX1_SNR=37

31102 [INFO] [CONFIG] Antenna7: TX0_SNR=38, RX0_SNR=36, TX1_SNR=23, RX1_SNR=38

31103 [INFO] [CONFIG] Valid SNR count: 28 (threshold: 28)

31104 [INFO] [CONFIG] === ACM calibration factors ===

31105 [INFO] [CONFIG] Channel0: I=0x00008000 (1.000), Q=0x00000000 (0.000)

31106 [INFO] [CONFIG] Channel1: I=0x00005CD1 (0.725), Q=0x00000220 (0.017)

31107 [INFO] [CONFIG] Channel2: I=0x0000391F (0.446), Q=0x0003D8DB (-0.306)

31108 [INFO] [CONFIG] Channel3: I=0x000377AD (-1.065), Q=0x00001B61 (0.214)

31109 [INFO] [CONFIG] Channel4: I=0x000391DE (-0.860), Q=0x0003B02A (-0.624)

31110 [INFO] [CONFIG] Channel5: I=0x00003D06 (0.477), Q=0x0003EE3A (-0.139)

31111 [INFO] [CONFIG] Channel6: I=0x00038ED9 (-0.884), Q=0x0003D85A (-0.310)

31112 [INFO] [CONFIG] Channel7: I=0x0003B83A (-0.561), Q=0x00008E22 (1.110)

31133 [INFO] [CONFIG] === ACM SNR values ===

31133 [INFO] [CONFIG] Antenna0: TX0_SNR=38, RX0_SNR=35, TX1_SNR=39, RX1_SNR=35

31134 [INFO] [CONFIG] Antenna1: TX0_SNR=40, RX0_SNR=35, TX1_SNR=40, RX1_SNR=38

31135 [INFO] [CONFIG] Antenna2: TX0_SNR=38, RX0_SNR=37, TX1_SNR=37, RX1_SNR=33

31136 [INFO] [CONFIG] Antenna3: TX0_SNR=37, RX0_SNR=38, TX1_SNR=37, RX1_SNR=41

31137 [INFO] [CONFIG] Antenna4: TX0_SNR=42, RX0_SNR=39, TX1_SNR=43, RX1_SNR=42

31138 [INFO] [CONFIG] Antenna5: TX0_SNR=51, RX0_SNR=1, TX1_SNR=50, RX1_SNR=9

31139 [INFO] [CONFIG] Antenna6: TX0_SNR=25, RX0_SNR=38, TX1_SNR=39, RX1_SNR=39

31140 [INFO] [CONFIG] Antenna7: TX0_SNR=38, RX0_SNR=35, TX1_SNR=23, RX1_SNR=39

31141 [INFO] [CONFIG] Valid SNR count: 28 (threshold: 28)

31142 [INFO] [CONFIG] === ACM calibration factors ===

31143 [INFO] [CONFIG] Channel0: I=0x00008000 (1.000), Q=0x00000000 (0.000)

31144 [INFO] [CONFIG] Channel1: I=0x00005C9D (0.724), Q=0x000001F5 (0.015)

31145 [INFO] [CONFIG] Channel2: I=0x0000391B (0.446), Q=0x0003DB29 (-0.288)

31146 [INFO] [CONFIG] Channel3: I=0x00037D2C (-1.022), Q=0x00001AD7 (0.210)

31147 [INFO] [CONFIG] Channel4: I=0x00039324 (-0.850), Q=0x0003B1EC (-0.610)

31147 [INFO] [CONFIG] Channel5: I=0x00003A52 (0.456), Q=0x0003E494 (-0.214)

31148 [INFO] [CONFIG] Channel6: I=0x00039006 (-0.875), Q=0x0003D9EA (-0.298)

31149 [INFO] [CONFIG] Channel7: I=0x0003BA8B (-0.543), Q=0x000089C8 (1.076)

31170 [INFO] [CONFIG] === ACM SNR values ===

31171 [INFO] [CONFIG] Antenna0: TX0_SNR=36, RX0_SNR=36, TX1_SNR=38, RX1_SNR=36

31172 [INFO] [CONFIG] Antenna1: TX0_SNR=39, RX0_SNR=36, TX1_SNR=40, RX1_SNR=37

31173 [INFO] [CONFIG] Antenna2: TX0_SNR=37, RX0_SNR=37, TX1_SNR=37, RX1_SNR=34

31174 [INFO] [CONFIG] Antenna3: TX0_SNR=36, RX0_SNR=38, TX1_SNR=37, RX1_SNR=38

31175 [INFO] [CONFIG] Antenna4: TX0_SNR=41, RX0_SNR=39, TX1_SNR=43, RX1_SNR=39

31176 [INFO] [CONFIG] Antenna5: TX0_SNR=49, RX0_SNR=5, TX1_SNR=50, RX1_SNR=10

31177 [INFO] [CONFIG] Antenna6: TX0_SNR=24, RX0_SNR=36, TX1_SNR=39, RX1_SNR=37

31178 [INFO] [CONFIG] Antenna7: TX0_SNR=37, RX0_SNR=36, TX1_SNR=23, RX1_SNR=38

31179 [INFO] [CONFIG] Valid SNR count: 28 (threshold: 28)

31180 [INFO] [CONFIG] === ACM calibration factors ===

31180 [INFO] [CONFIG] Channel0: I=0x00008000 (1.000), Q=0x00000000 (0.000)

31181 [INFO] [CONFIG] Channel1: I=0x00005DE2 (0.733), Q=0x000002D6 (0.022)

31182 [INFO] [CONFIG] Channel2: I=0x00003B44 (0.463), Q=0x0003DB54 (-0.286)

31183 [INFO] [CONFIG] Channel3: I=0x0003791B (-1.054), Q=0x00001728 (0.181)

31184 [INFO] [CONFIG] Channel4: I=0x000393BA (-0.846), Q=0x0003AF0B (-0.632)

31185 [INFO] [CONFIG] Channel5: I=0x00004343 (0.525), Q=0x0003E7E9 (-0.188)

31186 [INFO] [CONFIG] Channel6: I=0x00038EA8 (-0.885), Q=0x0003D635 (-0.327)

31187 [INFO] [CONFIG] Channel7: I=0x0003B62D (-0.577), Q=0x0000879D (1.059)

31208 [INFO] [CONFIG] === ACM SNR values ===

31209 [INFO] [CONFIG] Antenna0: TX0_SNR=37, RX0_SNR=37, TX1_SNR=36, RX1_SNR=36

31210 [INFO] [CONFIG] Antenna1: TX0_SNR=40, RX0_SNR=35, TX1_SNR=37, RX1_SNR=35

31211 [INFO] [CONFIG] Antenna2: TX0_SNR=38, RX0_SNR=37, TX1_SNR=34, RX1_SNR=36

31212 [INFO] [CONFIG] Antenna3: TX0_SNR=37, RX0_SNR=36, TX1_SNR=34, RX1_SNR=38

31213 [INFO] [CONFIG] Antenna4: TX0_SNR=42, RX0_SNR=38, TX1_SNR=40, RX1_SNR=40

31214 [INFO] [CONFIG] Antenna5: TX0_SNR=50, RX0_SNR=6, TX1_SNR=47, RX1_SNR=7

31215 [INFO] [CONFIG] Antenna6: TX0_SNR=25, RX0_SNR=37, TX1_SNR=36, RX1_SNR=35

31216 [INFO] [CONFIG] Antenna7: TX0_SNR=38, RX0_SNR=36, TX1_SNR=20, RX1_SNR=36

31217 [INFO] [CONFIG] Valid SNR count: 28 (threshold: 28)

31218 [INFO] [CONFIG] === ACM calibration factors ===

31218 [INFO] [CONFIG] Channel0: I=0x00008000 (1.000), Q=0x00000000 (0.000)

31219 [INFO] [CONFIG] Channel1: I=0x00005C21 (0.720), Q=0x0003FF32 (-0.006)

31220 [INFO] [CONFIG] Channel2: I=0x0000374F (0.432), Q=0x0003D927 (-0.303)

31221 [INFO] [CONFIG] Channel3: I=0x00037BFD (-1.031), Q=0x00001C47 (0.221)

31222 [INFO] [CONFIG] Channel4: I=0x0003967F (-0.824), Q=0x0003B55B (-0.583)

31223 [INFO] [CONFIG] Channel5: I=0x0000332F (0.400), Q=0x0003F223 (-0.108)

31224 [INFO] [CONFIG] Channel6: I=0x0003911E (-0.866), Q=0x0003DB45 (-0.287)

31225 [INFO] [CONFIG] Channel7: I=0x0003B28C (-0.605), Q=0x00008A45 (1.080)

31246 [INFO] [CONFIG] === ACM SNR values ===

31247 [INFO] [CONFIG] Antenna0: TX0_SNR=39, RX0_SNR=37, TX1_SNR=40, RX1_SNR=38

31248 [INFO] [CONFIG] Antenna1: TX0_SNR=41, RX0_SNR=36, TX1_SNR=41, RX1_SNR=36

31249 [INFO] [CONFIG] Antenna2: TX0_SNR=39, RX0_SNR=37, TX1_SNR=38, RX1_SNR=34

31250 [INFO] [CONFIG] Antenna3: TX0_SNR=38, RX0_SNR=36, TX1_SNR=38, RX1_SNR=38

31251 [INFO] [CONFIG] Antenna4: TX0_SNR=43, RX0_SNR=37, TX1_SNR=44, RX1_SNR=42

31252 [INFO] [CONFIG] Antenna5: TX0_SNR=52, RX0_SNR=4, TX1_SNR=51, RX1_SNR=9

31253 [INFO] [CONFIG] Antenna6: TX0_SNR=26, RX0_SNR=39, TX1_SNR=40, RX1_SNR=37

31254 [INFO] [CONFIG] Antenna7: TX0_SNR=39, RX0_SNR=37, TX1_SNR=24, RX1_SNR=40

31255 [INFO] [CONFIG] Valid SNR count: 28 (threshold: 28)

31255 [INFO] [CONFIG] === ACM calibration factors ===

31256 [INFO] [CONFIG] Channel0: I=0x00008000 (1.000), Q=0x00000000 (0.000)

31257 [INFO] [CONFIG] Channel1: I=0x00005ADE (0.710), Q=0x00000332 (0.025)

31258 [INFO] [CONFIG] Channel2: I=0x0000367D (0.426), Q=0x0003DA5C (-0.294)

31259 [INFO] [CONFIG] Channel3: I=0x00037B45 (-1.037), Q=0x000019BF (0.201)

31260 [INFO] [CONFIG] Channel4: I=0x000393C1 (-0.846), Q=0x0003B2B0 (-0.604)

31261 [INFO] [CONFIG] Channel5: I=0x00004128 (0.509), Q=0x0003E919 (-0.179)

31262 [INFO] [CONFIG] Channel6: I=0x000391C1 (-0.861), Q=0x0003D85D (-0.310)

31263 [INFO] [CONFIG] Channel7: I=0x0003B8BD (-0.557), Q=0x00008B94 (1.090)

31284 [INFO] [CONFIG] === ACM SNR values ===

31284 [INFO] [CONFIG] Antenna0: TX0_SNR=42, RX0_SNR=36, TX1_SNR=34, RX1_SNR=40

31285 [INFO] [CONFIG] Antenna1: TX0_SNR=44, RX0_SNR=35, TX1_SNR=36, RX1_SNR=37

31286 [INFO] [CONFIG] Antenna2: TX0_SNR=42, RX0_SNR=37, TX1_SNR=33, RX1_SNR=35

31287 [INFO] [CONFIG] Antenna3: TX0_SNR=41, RX0_SNR=37, TX1_SNR=33, RX1_SNR=37

31288 [INFO] [CONFIG] Antenna4: TX0_SNR=46, RX0_SNR=39, TX1_SNR=39, RX1_SNR=40

31289 [INFO] [CONFIG] Antenna5: TX0_SNR=55, RX0_SNR=-1, TX1_SNR=46, RX1_SNR=2

31290 [INFO] [CONFIG] Antenna6: TX0_SNR=29, RX0_SNR=42, TX1_SNR=35, RX1_SNR=36

31291 [INFO] [CONFIG] Antenna7: TX0_SNR=42, RX0_SNR=35, TX1_SNR=19, RX1_SNR=34

31292 [INFO] [CONFIG] Valid SNR count: 29 (threshold: 28)

31293 [INFO] [CONFIG] === ACM calibration factors ===

31294 [INFO] [CONFIG] Channel0: I=0x00008000 (1.000), Q=0x00000000 (0.000)

31295 [INFO] [CONFIG] Channel1: I=0x00005D1C (0.727), Q=0x00000370 (0.027)

31296 [INFO] [CONFIG] Channel2: I=0x0000399E (0.450), Q=0x0003DAF3 (-0.289)

31297 [INFO] [CONFIG] Channel3: I=0x00037870 (-1.059), Q=0x00001818 (0.188)

31298 [INFO] [CONFIG] Channel4: I=0x0003934C (-0.849), Q=0x0003B034 (-0.623)

31299 [INFO] [CONFIG] Channel5: I=0x00001B3F (0.213), Q=0x0003E5F0 (-0.204)

31300 [INFO] [CONFIG] Channel6: I=0x00039027 (-0.874), Q=0x0003D722 (-0.319)

31301 [INFO] [CONFIG] Channel7: I=0x0003B677 (-0.574), Q=0x0000872C (1.056)

31322 [INFO] [CONFIG] === ACM SNR values ===

31322 [INFO] [CONFIG] Antenna0: TX0_SNR=38, RX0_SNR=38, TX1_SNR=37, RX1_SNR=40

31323 [INFO] [CONFIG] Antenna1: TX0_SNR=40, RX0_SNR=36, TX1_SNR=39, RX1_SNR=37

31324 [INFO] [CONFIG] Antenna2: TX0_SNR=38, RX0_SNR=37, TX1_SNR=36, RX1_SNR=34

31325 [INFO] [CONFIG] Antenna3: TX0_SNR=37, RX0_SNR=36, TX1_SNR=36, RX1_SNR=38

31326 [INFO] [CONFIG] Antenna4: TX0_SNR=43, RX0_SNR=39, TX1_SNR=42, RX1_SNR=38

31327 [INFO] [CONFIG] Antenna5: TX0_SNR=51, RX0_SNR=1, TX1_SNR=49, RX1_SNR=2

31328 [INFO] [CONFIG] Antenna6: TX0_SNR=25, RX0_SNR=38, TX1_SNR=38, RX1_SNR=37

31329 [INFO] [CONFIG] Antenna7: TX0_SNR=38, RX0_SNR=37, TX1_SNR=22, RX1_SNR=37

31330 [INFO] [CONFIG] Valid SNR count: 28 (threshold: 28)

31331 [INFO] [CONFIG] === ACM calibration factors ===

31332 [INFO] [CONFIG] Channel0: I=0x00008000 (1.000), Q=0x00000000 (0.000)

31333 [INFO] [CONFIG] Channel1: I=0x00005F15 (0.743), Q=0x0000017F (0.012)

31334 [INFO] [CONFIG] Channel2: I=0x00003A8E (0.457), Q=0x0003DB9D (-0.284)

31335 [INFO] [CONFIG] Channel3: I=0x00037912 (-1.054), Q=0x00001B89 (0.215)

31336 [INFO] [CONFIG] Channel4: I=0x00039301 (-0.852), Q=0x0003B1CB (-0.611)

31337 [INFO] [CONFIG] Channel5: I=0x00001803 (0.188), Q=0x0003E67C (-0.199)

31338 [INFO] [CONFIG] Channel6: I=0x00038F40 (-0.881), Q=0x0003D83A (-0.311)

31339 [INFO] [CONFIG] Channel7: I=0x0003B95D (-0.552), Q=0x000086C0 (1.053)

31360 [INFO] [CONFIG] === ACM SNR values ===

31360 [INFO] [CONFIG] Antenna0: TX0_SNR=38, RX0_SNR=36, TX1_SNR=35, RX1_SNR=37

31361 [INFO] [CONFIG] Antenna1: TX0_SNR=40, RX0_SNR=35, TX1_SNR=37, RX1_SNR=34

31362 [INFO] [CONFIG] Antenna2: TX0_SNR=38, RX0_SNR=35, TX1_SNR=34, RX1_SNR=35

31363 [INFO] [CONFIG] Antenna3: TX0_SNR=38, RX0_SNR=38, TX1_SNR=34, RX1_SNR=38

31364 [INFO] [CONFIG] Antenna4: TX0_SNR=43, RX0_SNR=39, TX1_SNR=40, RX1_SNR=41

31365 [INFO] [CONFIG] Antenna5: TX0_SNR=51, RX0_SNR=-1, TX1_SNR=47, RX1_SNR=5

31366 [INFO] [CONFIG] Antenna6: TX0_SNR=25, RX0_SNR=38, TX1_SNR=36, RX1_SNR=39

31367 [INFO] [CONFIG] Antenna7: TX0_SNR=39, RX0_SNR=38, TX1_SNR=20, RX1_SNR=35

31368 [INFO] [CONFIG] Valid SNR count: 28 (threshold: 28)

31369 [INFO] [CONFIG] === ACM calibration factors ===

31370 [INFO] [CONFIG] Channel0: I=0x00008000 (1.000), Q=0x00000000 (0.000)

31370 [INFO] [CONFIG] Channel1: I=0x000059F3 (0.703), Q=0x0003FEB7 (-0.010)

31371 [INFO] [CONFIG] Channel2: I=0x0000368C (0.426), Q=0x0003DBA4 (-0.284)

31372 [INFO] [CONFIG] Channel3: I=0x00037E4C (-1.013), Q=0x00001729 (0.181)

31373 [INFO] [CONFIG] Channel4: I=0x00039482 (-0.840), Q=0x0003B53F (-0.584)

31374 [INFO] [CONFIG] Channel5: I=0x000027AF (0.310), Q=0x0003E9E6 (-0.173)

31375 [INFO] [CONFIG] Channel6: I=0x000392D2 (-0.853), Q=0x0003DD14 (-0.273)

31376 [INFO] [CONFIG] Channel7: I=0x0003B9F5 (-0.547), Q=0x000093F6 (1.156)

31397 [INFO] [CONFIG] === ACM SNR values ===

31398 [INFO] [CONFIG] Antenna0: TX0_SNR=36, RX0_SNR=37, TX1_SNR=38, RX1_SNR=36

31399 [INFO] [CONFIG] Antenna1: TX0_SNR=38, RX0_SNR=35, TX1_SNR=40, RX1_SNR=37

31400 [INFO] [CONFIG] Antenna2: TX0_SNR=36, RX0_SNR=34, TX1_SNR=37, RX1_SNR=35

31401 [INFO] [CONFIG] Antenna3: TX0_SNR=35, RX0_SNR=40, TX1_SNR=37, RX1_SNR=37

31402 [INFO] [CONFIG] Antenna4: TX0_SNR=40, RX0_SNR=40, TX1_SNR=43, RX1_SNR=42

31403 [INFO] [CONFIG] Antenna5: TX0_SNR=49, RX0_SNR=5, TX1_SNR=50, RX1_SNR=7

31404 [INFO] [CONFIG] Antenna6: TX0_SNR=23, RX0_SNR=36, TX1_SNR=39, RX1_SNR=37

31405 [INFO] [CONFIG] Antenna7: TX0_SNR=36, RX0_SNR=36, TX1_SNR=23, RX1_SNR=38

31406 [INFO] [CONFIG] Valid SNR count: 28 (threshold: 28)

31407 [INFO] [CONFIG] === ACM calibration factors ===

31407 [INFO] [CONFIG] Channel0: I=0x00008000 (1.000), Q=0x00000000 (0.000)

31408 [INFO] [CONFIG] Channel1: I=0x00005B95 (0.715), Q=0x00000291 (0.020)

31409 [INFO] [CONFIG] Channel2: I=0x00003969 (0.449), Q=0x0003DBE1 (-0.282)

31410 [INFO] [CONFIG] Channel3: I=0x00037D77 (-1.020), Q=0x00001A49 (0.205)

31411 [INFO] [CONFIG] Channel4: I=0x000394EB (-0.837), Q=0x0003B0F7 (-0.617)

31412 [INFO] [CONFIG] Channel5: I=0x000034C0 (0.412), Q=0x0003F240 (-0.107)

31413 [INFO] [CONFIG] Channel6: I=0x0003943E (-0.842), Q=0x0003DA0D (-0.296)

31414 [INFO] [CONFIG] Channel7: I=0x0003BAE5 (-0.540), Q=0x00008A99 (1.083)

31415 [INFO] [CONFIG] ACM calibration completed, valid count: 20

31416 [INFO] [CORE] ACM calibration 1 completed, valid count: 20

31417 [INFO] [CORE] ACM calibration succeeded

31417 [WARN] [CONFIG] Slot time lengths - S0:48116, S1:0, S2:0, S3:267168 (us)
31418 [WARN] [CONFIG] Frame total time length: 315284 (us)
31419 [WARN] [CORE] IRQ mask pre-trigger expected=0x7E6 readback=0x7E6
31420 [WARN] [CORE] IRQ mask post-trigger expected=0x7E6 readback=0x7E6
[31421] [INFO] [TRM] [tk8710_sat_payload_app.c:753:SatPayloadStartSensitivity] RX SENS started: freq=509100000 rate=6 externalSync=1 S3=69536 bytes=22
[31423] [INFO] [TRM] [tk8710_sat_payload_app.c:1223:SatPayloadApp_SetWorkMode] SAT APP mode started: mode=7 state=4
OK result=0
SAT> [31927] [INFO] [TRM] [tk8710_sat_payload_app.c:657:SatPayloadSensitivityRx] RX SENS user=0 rssi=-104 snr=53 freq=20126Hz
[32242] [INFO] [TRM] [tk8710_sat_payload_app.c:657:SatPayloadSensitivityRx] RX SENS user=0 rssi=-103 snr=53 freq=20126Hz
[32557] [INFO] [TRM] [tk8710_sat_payload_app.c:657:SatPayloadSensitivityRx] RX SENS user=0 rssi=-104 snr=53 freq=20126Hz
[32873] [INFO] [TRM] [tk8710_sat_payload_app.c:657:SatPayloadSensitivityRx] RX SENS user=0 rssi=-104 snr=53 freq=20126Hz
[33188] [INFO] [TRM] [tk8710_sat_payload_app.c:657:SatPayloadSensitivityRx] RX SENS user=0 rssi=-103 snr=53 freq=20126Hz
[33503] [INFO] [TRM] [tk8710_sat_payload_app.c:657:SatPayloadSensitivityRx] RX SENS user=0 rssi=-103 snr=53 freq=20126Hz
[33819] [INFO] [TRM] [tk8710_sat_payload_app.c:657:SatPayloadSensitivityRx] RX SENS user=0 rssi=-104 snr=53 freq=20126Hz
[34134] [INFO] [TRM] [tk8710_sat_payload_app.c:657:SatPayloadSensitivityRx] RX SENS user=0 rssi=-104 snr=53 freq=20126Hz
[34449] [INFO] [TRM] [tk8710_sat_payload_app.c:657:SatPayloadSensitivityRx] RX SENS user=0 rssi=-104 snr=53 freq=20126Hz
[34765] [INFO] [TRM] [tk8710_sat_payload_app.c:657:SatPayloadSensitivityRx] RX SENS user=0 rssi=-103 snr=53 freq=20126Hz
[35080] [INFO] [TRM] [tk8710_sat_payload_app.c:657:SatPayloadSensitivityRx] RX SENS user=0 rssi=-103 snr=53 freq=20126Hz
[35395] [INFO] [TRM] [tk8710_sat_payload_app.c:657:SatPayloadSensitivityRx] RX SENS user=0 rssi=-104 snr=53 freq=20126Hz
[35711] [INFO] [TRM] [tk8710_sat_payload_app.c:657:SatPayloadSensitivityRx] RX SENS user=0 rssi=-104 snr=53 freq=20126Hz
[36026] [INFO] [TRM] [tk8710_sat_payload_app.c:657:SatPayloadSensitivityRx] RX SENS user=0 rssi=-104 snr=53 freq=20126Hz
[36341] [INFO] [TRM] [tk8710_sat_payload_app.c:657:SatPayloadSensitivityRx] RX SENS user=0 rssi=-104 snr=53 freq=20126Hz
[36656] [INFO] [TRM] [tk8710_sat_payload_app.c:657:SatPayloadSensitivityRx] RX SENS user=0 rssi=-104 snr=53 freq=20126Hz
[36972] [INFO] [TRM] [tk8710_sat_payload_app.c:657:SatPayloadSensitivityRx] RX SENS user=0 rssi=-104 snr=53 freq=20126Hz
[37287] [INFO] [TRM] [tk8710_sat_payload_app.c:657:SatPayloadSensitivityRx] RX SENS user=0 rssi=-104 snr=53 freq=20126Hz
[37602] [INFO] [TRM] [tk8710_sat_payload_app.c:657:SatPayloadSensitivityRx] RX SENS user=0 rssi=-104 snr=53 freq=20126Hz
[37918] [INFO] [TRM] [tk8710_sat_payload_app.c:657:SatPayloadSensitivityRx] RX SENS user=0 rssi=-104 snr=53 freq=20126Hz
[38233] [INFO] [TRM] [tk8710_sat_payload_app.c:657:SatPayloadSensitivityRx] RX SENS user=0 rssi=-104 snr=53 freq=20126Hz

[HOST 2026-09-28T17:42:00.800395] AT+STATE

STATE=RUNNING MODE=7
OK
SAT> [38548] [INFO] [TRM] [tk8710_sat_payload_app.c:657:SatPayloadSensitivityRx] RX SENS user=0 rssi=-104 snr=53 freq=20126Hz
[38864] [INFO] [TRM] [tk8710_sat_payload_app.c:657:SatPayloadSensitivityRx] RX SENS user=0 rssi=-104 snr=53 freq=20126Hz
[39179] [INFO] [TRM] [tk8710_sat_payload_app.c:657:SatPayloadSensitivityRx] RX SENS user=0 rssi=-104 snr=53 freq=20126Hz
[39494] [INFO] [TRM] [tk8710_sat_payload_app.c:657:SatPayloadSensitivityRx] RX SENS user=0 rssi=-104 snr=53 freq=20126Hz
[39810] [INFO] [TRM] [tk8710_sat_payload_app.c:657:SatPayloadSensitivityRx] RX SENS user=0 rssi=-104 snr=53 freq=20126Hz
[40125] [INFO] [TRM] [tk8710_sat_payload_app.c:657:SatPayloadSensitivityRx] RX SENS user=0 rssi=-104 snr=53 freq=20126Hz
[40440] [INFO] [TRM] [tk8710_sat_payload_app.c:657:SatPayloadSensitivityRx] RX SENS user=0 rssi=-104 snr=53 freq=20126Hz
[40755] [INFO] [TRM] [tk8710_sat_payload_app.c:657:SatPayloadSensitivityRx] RX SENS user=0 rssi=-104 snr=53 freq=20126Hz
[41071] [INFO] [TRM] [tk8710_sat_payload_app.c:657:SatPayloadSensitivityRx] RX SENS user=0 rssi=-104 snr=53 freq=20126Hz
[
[HOST 2026-09-28T17:42:03.846564] AT+TM
41386] [INFO] [TRM] [tk8710_sat_payload_app.c:657:SatPayloadSensitivityRx] RX SENS user=0 rssi=-104 snr=53 freq=20126Hz

TM seq=39 uptimeMs=40360 state=RUNNING mode=7 configVersion=2 lastResult=0
TRM tx=0 txOk=0 rx=27 queueFree=0 cache=0 routes=0 gsBeams=0 beamMiss=0
PORT heap=0 peak=0 heapFail=0 spiErr=0 gpioIrq=398 edge=398 recovery=0 statusPoll=0 sdram=1
GIO pin=0 callback=1 DIN=0x00000082 FLG=0x00000003 ENA=0x00000008 VIMMASK0=0x00002203
RST pin=1 lowEdge=0 driveLow=6 spiReset=195 portInit=1 spiInit=1 DOUT=0x00000002 DIR=0x00000003
IRQ 28 0 0 53 52 25 0 25 25 0 raw=0x00000000 mask=0x000007E6
RX valid=0 user=0x00000000 rssi=0 snr=0 freqOffset=0
ACM pending=0 running=0 completed=0 last=0
ACM_RESULT valid=0 gen=0 timestampMs=0 validCount=0 antMask=0x00000000 last=0
ACM_FACTOR ant=1 I=0x00000000 Q=0x00000000
ACM_FACTOR ant=2 I=0x00000000 Q=0x00000000
ACM_FACTOR ant=3 I=0x00000000 Q=0x00000000
ACM_FACTOR ant=4 I=0x00000000 Q=0x00000000
ACM_FACTOR ant=5 I=0x00000000 Q=0x00000000
ACM_FACTOR ant=6 I=0x00000000 Q=0x00000000
ACM_FACTOR ant=7 I=0x00000000 Q=0x00000000
ACM_FACTOR ant=8 I=0x00000000 Q=0x00000000
CAP state=0 gen=0 rate=0 valid=0x00000000 bytes=0 errors=0 spiUs=0/0 fftUs=0/0 last=0
CAP noiseDbmHz=0.00,0.00,0.00,0.00,0.00,0.00,0.00,0.00
SWEEP gen=0 active=0 complete=0 points=0/0 last=0
OK
SAT> [41701] [INFO] [TRM] [tk8710_sat_payload_app.c:657:SatPayloadSensitivityRx] RX SENS user=0 rssi=-104 snr=53 freq=20126Hz
[42017] [INFO] [TRM] [tk8710_sat_payload_app.c:657:SatPayloadSensitivityRx] RX SENS user=0 rssi=-104 snr=53 freq=20126Hz
[42332] [INFO] [TRM] [tk8710_sat_payload_app.c:657:SatPayloadSensitivityRx] RX SENS user=0 rssi=-104 snr=53 freq=20126Hz
[42647] [INFO] [TRM] [tk8710_sat_payload_app.c:657:SatPayloadSensitivityRx] RX SENS user=0 rssi=-104 snr=53 freq=20126Hz
[42963] [INFO] [TRM] [tk8710_sat_payload_app.c:657:SatPayloadSensitivityRx] RX SENS user=0 rssi=-104 snr=53 freq=20126Hz
[43278] [INFO] [TRM] [tk8710_sat_payload_app.c:657:SatPayloadSensitivityRx] RX SENS user=0 rssi=-104 snr=53 freq=20126Hz
[43593] [INFO] [TRM] [tk8710_sat_payload_app.c:657:SatPayloadSensitivityRx] RX SENS user=0 rssi=-104 snr=53 freq=20126Hz
[43908] [INFO] [TRM] [tk8710_sat_payload_app.c:657:SatPayloadSensitivityRx] RX SENS user=0 rssi=-104 snr=53 freq=20126Hz
[44224] [INFO] [TRM] [tk8710_sat_payload_app.c:657:SatPayloadSensitivityRx] RX SENS user=0 rssi=-104 snr=53 freq=20126Hz
[44539] [INFO] [TRM] [tk8710_sat_payload_app.c:657:SatPayloadSensitivityRx] RX SENS user=0 rssi=-104 snr=53 freq=20126Hz
[44854] [INFO] [TRM] [tk8710_sat_payload_app.c:657:SatPayloadSensitivityRx] RX SENS user=0 rssi=-104 snr=53 freq=20126Hz
[45170] [INFO] [TRM] [tk8710_sat_payload_app.c:657:SatPayloadSensitivityRx] RX SENS user=0 rssi=-104 snr=53 freq=20126Hz
[45485] [INFO] [TRM] [tk8710_sat_payload_app.c:657:SatPayloadSensitivityRx] RX SENS user=0 rssi=-104 snr=53 freq=20126Hz
[45800] [INFO] [TRM] [tk8710_sat_payload_app.c:657:SatPayloadSensitivityRx] RX SENS user=0 rssi=-104 snr=53 freq=20126Hz
[46116] [INFO] [TRM] [tk8710_sat_payload_app.c:657:SatPayloadSensitivityRx] RX SENS user=0 rssi=-104 snr=53 freq=20126Hz
[46431] [INFO] [TRM] [tk8710_sat_payload_app.c:657:SatPayloadSensitivityRx] RX SENS user=0 rssi=-104 snr=53 freq=20126Hz
[46746] [INFO] [TRM] [tk8710_sat_payload_app.c:657:SatPayloadSensitivityRx] RX SENS user=0 rssi=-104 snr=53 freq=20126Hz
[47062] [INFO] [TRM] [tk8710_sat_payload_app.c:657:SatPayloadSensitivityRx] RX SENS user=0 rssi=-104 snr=53 freq=20126Hz
[47377] [INFO] [TRM] [tk8710_sat_payload_app.c:657:SatPayloadSensitivityRx] RX SENS user=0 rssi=-104 snr=53 freq=20126Hz
[47692] [INFO] [TRM] [tk8710_sat_payload_app.c:657:SatPayloadSensitivityRx] RX SENS user=0 rssi=-104 snr=53 freq=20126Hz
[48007] [INFO] [TRM] [tk8710_sat_payload_app.c:657:SatPayloadSensitivityRx] RX SENS user=0 rssi=-104 snr=53 freq=20126Hz
[48323] [INFO] [TRM] [tk8710_sat_payload_app.c:657:SatPayloadSensitivityRx] RX SENS user=0 rssi=-104 snr=53 freq=20126Hz
[48638] [INFO] [TRM] [tk8710_sat_payload_app.c:657:SatPayloadSensitivityRx] RX SENS user=0 rssi=-104 snr=53 freq=20126Hz
[48953] [INFO] [TRM] [tk8710_sat_payload_app.c:657:SatPayloadSensitivityRx] RX SENS user=0 rssi=-104 snr=53 freq=20126Hz
[49269] [INFO] [TRM] [tk8710_sat_payload_app.c:657:SatPayloadSensitivityRx] RX SENS user=0 rssi=-104 snr=53 freq=20126Hz
[49584] [INFO] [TRM] [tk8710_sat_payload_app.c:657:SatPayloadSensitivityRx] RX SENS user=0 rssi=-104 snr=53 freq=20126Hz
[49899] [INFO] [TRM] [tk8710_sat_payload_app.c:657:SatPayloadSensitivityRx] RX SENS user=0 rssi=-103 snr=53 freq=20126Hz
[50215] [INFO] [TRM] [tk8710_sat_payload_app.c:657:SatPayloadSensitivityRx] RX SENS user=0 rssi=-103 snr=53 freq=20126Hz
[50530] [INFO] [TRM] [tk8710_sat_payload_app.c:657:SatPayloadSensitivityRx] RX SENS user=0 rssi=-104 snr=53 freq=20126Hz
[50845] [INFO] [TRM] [tk8710_sat_payload_app.c:657:SatPayloadSensitivityRx] RX SENS user=0 rssi=-104 snr=53 freq=20126Hz
[51160] [INFO] [TRM] [tk8710_sat_payload_app.c:657:SatPayloadSensitivityRx] RX SENS user=0 rssi=-104 snr=53 freq=20126Hz
[51476] [INFO] [TRM] [tk8710_sat_payload_app.c:657:SatPayloadSensitivityRx] RX SENS user=0 rssi=-104 snr=53 freq=20126Hz
[51791] [INFO] [TRM] [tk8710_sat_payload_app.c:657:SatPayloadSensitivityRx] RX SENS user=0 rssi=-104 snr=53 freq=20126Hz
[52107] [INFO] [TRM] [tk8710_sat_payload_app.c:657:SatPayloadSensitivityRx] RX SENS user=0 rssi=-104 snr=53 freq=20126Hz
[52422] [INFO] [TRM] [tk8710_sat_payload_app.c:657:SatPayloadSensitivityRx] RX SENS user=0 rssi=-104 snr=53 freq=20126Hz
[52737] [INFO] [TRM] [tk8710_sat_payload_app.c:657:SatPayloadSensitivityRx] RX SENS user=0 rssi=-104 snr=53 freq=20126Hz
[53052] [INFO] [TRM] [tk8710_sat_payload_app.c:657:SatPayloadSensitivityRx] RX SENS user=0 rssi=-104 snr=53 freq=20126Hz
[53368] [INFO] [TRM] [tk8710_sat_payload_app.c:657:SatPayloadSensitivityRx] RX SENS user=0 rssi=-104 snr=53 freq=20126Hz
[53683] [INFO] [TRM] [tk8710_sat_payload_app.c:657:SatPayloadSensitivityRx] RX SENS user=0 rssi=-104 snr=53 freq=20126Hz
[53998] [INFO] [TRM] [tk8710_sat_payload_app.c:657:SatPayloadSensitivityRx] RX SENS user=0 rssi=-104 snr=53 freq=20126Hz
[54314] [INFO] [TRM] [tk8710_sat_payload_app.c:657:SatPayloadSensitivityRx] RX SENS user=0 rssi=-104 snr=53 freq=20126Hz
[54629] [INFO] [TRM] [tk8710_sat_payload_app.c:657:SatPayloadSensitivityRx] RX SENS user=0 rssi=-104 snr=53 freq=20126Hz
[54944] [INFO] [TRM] [tk8710_sat_payload_app.c:657:SatPayloadSensitivityRx] RX SENS user=0 rssi=-104 snr=53 freq=20126Hz
[55259] [INFO] [TRM] [tk8710_sat_payload_app.c:657:SatPayloadSensitivityRx] RX SENS user=0 rssi=-104 snr=53 freq=20126Hz
[55575] [INFO] [TRM] [tk8710_sat_payload_app.c:657:SatPayloadSensitivityRx] RX SENS user=0 rssi=-104 snr=53 freq=20126Hz
[55890] [INFO] [TRM] [tk8710_sat_payload_app.c:657:SatPayloadSensitivityRx] RX SENS user=0 rssi=-104 snr=53 freq=20126Hz
[56205] [INFO] [TRM] [tk8710_sat_payload_app.c:657:SatPayloadSensitivityRx] RX SENS user=0 rssi=-104 snr=53 freq=20126Hz
[56521] [INFO] [TRM] [tk8710_sat_payload_app.c:657:SatPayloadSensitivityRx] RX SENS user=0 rssi=-104 snr=53 freq=20126Hz
[56836] [INFO] [TRM] [tk8710_sat_payload_app.c:657:SatPayloadSensitivityRx] RX SENS user=0 rssi=-104 snr=53 freq=20126Hz
[57151] [INFO] [TRM] [tk8710_sat_payload_app.c:657:SatPayloadSensitivityRx] RX SENS user=0 rssi=-104 snr=53 freq=20126Hz
[57467] [INFO] [TRM] [tk8710_sat_payload_app.c:657:SatPayloadSensitivityRx] RX SENS user=0 rssi=-104 snr=53 freq=20126Hz
[57782] [INFO] [TRM] [tk8710_sat_payload_app.c:657:SatPayloadSensitivityRx] RX SENS user=0 rssi=-104 snr=53 freq=20126Hz
[58097] [INFO] [TRM] [tk8710_sat_payload_app.c:657:SatPayloadSensitivityRx] RX SENS user=0 rssi=-104 snr=53 freq=20126Hz
[58413] [INFO] [TRM] [tk8710_sat_payload_app.c:657:SatPayloadSensitivityRx] RX SENS user=0 rssi=-104 snr=53 freq=20126Hz
[58728] [INFO] [TRM] [tk8710_sat_payload_app.c:657:SatPayloadSensitivityRx] RX SENS user=0 rssi=-104 snr=53 freq=20126Hz
[59043] [INFO] [TRM] [tk8710_sat_payload_app.c:657:SatPayloadSensitivityRx] RX SENS user=0 rssi=-104 snr=53 freq=20126Hz
[59359] [INFO] [TRM] [tk8710_sat_payload_app.c:657:SatPayloadSensitivityRx] RX SENS user=0 rssi=-104 snr=53 freq=20126Hz
[59674] [INFO] [TRM] [tk8710_sat_payload_app.c:657:SatPayloadSensitivityRx] RX SENS user=0 rssi=-104 snr=53 freq=20126Hz
[59989] [INFO] [TRM] [tk8710_sat_payload_app.c:657:SatPayloadSensitivityRx] RX SENS user=0 rssi=-104 snr=53 freq=20126Hz
[60304] [INFO] [TRM] [tk8710_sat_payload_app.c:657:SatPayloadSensitivityRx] RX SENS user=0 rssi=-104 snr=53 freq=20126Hz
[60620] [INFO] [TRM] [tk8710_sat_payload_app.c:657:SatPayloadSensitivityRx] RX SENS user=0 rssi=-104 snr=53 freq=20126Hz
[60935] [INFO] [TRM] [tk8710_sat_payload_app.c:657:SatPayloadSensitivityRx] RX SENS user=0 rssi=-103 snr=53 freq=20126Hz
[61250] [INFO] [TRM] [tk8710_sat_payload_app.c:657:SatPayloadSensitivityRx] RX SENS user=0 rssi=-104 snr=53 freq=20126Hz
[61566] [INFO] [TRM] [tk8710_sat_payload_app.c:657:SatPayloadSensitivityRx] RX SENS user=0 rssi=-104 snr=53 freq=20126Hz
[61881] [INFO] [TRM] [tk8710_sat_payload_app.c:657:SatPayloadSensitivityRx] RX SENS user=0 rssi=-104 snr=53 freq=20126Hz
[62196] [INFO] [TRM] [tk8710_sat_payload_app.c:657:SatPayloadSensitivityRx] RX SENS user=0 rssi=-104 snr=53 freq=20126Hz
[62512] [INFO] [TRM] [tk8710_sat_payload_app.c:657:SatPayloadSensitivityRx] RX SENS user=0 rssi=-104 snr=53 freq=20126Hz
[62827] [INFO] [TRM] [tk8710_sat_payload_app.c:657:SatPayloadSensitivityRx] RX SENS user=0 rssi=-104 snr=53 freq=20126Hz
[63142] [INFO] [TRM] [tk8710_sat_payload_app.c:657:SatPayloadSensitivityRx] RX SENS user=0 rssi=-104 snr=53 freq=20126Hz
[63144] [INFO] [TRM] [tk8710_sat_payload_app.c:671:SatPayloadSensitivityRx] RX SENS windows=100 lost=0 last100Lost=0 validUsers=100
[63458] [INFO] [TRM] [tk8710_sat_payload_app.c:657:SatPayloadSensitivityRx] RX SENS user=0 rssi=-104 snr=53 freq=20126Hz
[63773] [INFO] [TRM] [tk8710_sat_payload_app.c:657:SatPayloadSensitivityRx] RX SENS user=0 rssi=-104 snr=53 freq=20126Hz
[64088] [INFO] [TRM] [tk8710_sat_payload_app.c:657:SatPayloadSensitivityRx] RX SENS user=0 rssi=-104 snr=53 freq=20126Hz
[64403] [INFO] [TRM] [tk8710_sat_payload_app.c:657:SatPayloadSensitivityRx] RX SENS user=0 rssi=-104 snr=53 freq=20126Hz
[64719] [INFO] [TRM] [tk8710_sat_payload_app.c:657:SatPayloadSensitivityRx] RX SENS user=0 rssi=-104 snr=53 freq=20126Hz
[65034] [INFO] [TRM] [tk8710_sat_payload_app.c:657:SatPayloadSensitivityRx] RX SENS user=0 rssi=-104 snr=53 freq=20126Hz
[65349] [INFO] [TRM] [tk8710_sat_payload_app.c:657:SatPayloadSensitivityRx] RX SENS user=0 rssi=-104 snr=53 freq=20126Hz
[65665] [INFO] [TRM] [tk8710_sat_payload_app.c:657:SatPayloadSensitivityRx] RX SENS user=0 rssi=-104 snr=53 freq=20126Hz
[65980] [INFO] [TRM] [tk8710_sat_payload_app.c:657:SatPayloadSensitivityRx] RX SENS user=0 rssi=-104 snr=53 freq=20126Hz
[66295] [INFO] [TRM] [tk8710_sat_payload_app.c:657:SatPayloadSensitivityRx] RX SENS user=0 rssi=-104 snr=53 freq=20126Hz
[66611] [INFO] [TRM] [tk8710_sat_payload_app.c:657:SatPayloadSensitivityRx] RX SENS user=0 rssi=-104 snr=53 freq=20126Hz
[66926] [INFO] [TRM] [tk8710_sat_payload_app.c:657:SatPayloadSensitivityRx] RX SENS user=0 rssi=-104 snr=53 freq=20126Hz
[67241] [INFO] [TRM] [tk8710_sat_payload_app.c:657:SatPayloadSensitivityRx] RX SENS user=0 rssi=-104 snr=53 freq=20126Hz
[67556] [INFO] [TRM] [tk8710_sat_payload_app.c:657:SatPayloadSensitivityRx] RX SENS user=0 rssi=-104 snr=53 freq=20126Hz
[67872] [INFO] [TRM] [tk8710_sat_payload_app.c:657:SatPayloadSensitivityRx] RX SENS user=0 rssi=-104 snr=53 freq=20126Hz
[68187] [INFO] [TRM] [tk8710_sat_payload_app.c:657:SatPayloadSensitivityRx] RX SENS user=0 rssi=-104 snr=53 freq=20126Hz
[68502] [INFO] [TRM] [tk8710_sat_payload_app.c:657:SatPayloadSensitivityRx] RX SENS user=0 rssi=-103 snr=53 freq=20126Hz
[68818] [INFO] [TRM] [tk8710_sat_payload_app.c:657:SatPayloadSensitivityRx] RX SENS user=0 rssi=-104 snr=53 freq=20126Hz
[69133] [INFO] [TRM] [tk8710_sat_payload_app.c:657:SatPayloadSensitivityRx] RX SENS user=0 rssi=-104 snr=53 freq=20126Hz
[69448] [INFO] [TRM] [tk8710_sat_payload_app.c:657:SatPayloadSensitivityRx] RX SENS user=0 rssi=-104 snr=53 freq=20126Hz
[69764] [INFO] [TRM] [tk8710_sat_payload_app.c:657:SatPayloadSensitivityRx] RX SENS user=0 rssi=-104 snr=53 freq=20126Hz
[70079] [INFO] [TRM] [tk8710_sat_payload_app.c:657:SatPayloadSensitivityRx] RX SENS user=0 rssi=-104 snr=53 freq=20126Hz
[70394] [INFO] [TRM] [tk8710_sat_payload_app.c:657:SatPayloadSensitivityRx] RX SENS user=0 rssi=-104 snr=53 freq=20126Hz
[70710] [INFO] [TRM] [tk8710_sat_payload_app.c:657:SatPayloadSensitivityRx] RX SENS user=0 rssi=-104 snr=53 freq=20126Hz
[71025] [INFO] [TRM] [tk8710_sat_payload_app.c:657:SatPayloadSensitivityRx] RX SENS user=0 rssi=-104 snr=53 freq=20126Hz
[71340] [INFO] [TRM] [tk8710_sat_payload_app.c:657:SatPayloadSensitivityRx] RX SENS user=0 rssi=-104 snr=53 freq=20126Hz
[71655] [INFO] [TRM] [tk8710_sat_payload_app.c:657:SatPayloadSensitivityRx] RX SENS user=0 rssi=-104 snr=53 freq=20126Hz
[71971] [INFO] [TRM] [tk8710_sat_payload_app.c:657:SatPayloadSensitivityRx] RX SENS user=0 rssi=-104 snr=53 freq=20126Hz
[72286] [INFO] [TRM] [tk8710_sat_payload_app.c:657:SatPayloadSensitivityRx] RX SENS user=0 rssi=-104 snr=53 freq=20126Hz
[72601] [INFO] [TRM] [tk8710_sat_payload_app.c:657:SatPayloadSensitivityRx] RX SENS user=0 rssi=-104 snr=53 freq=20126Hz
[72917] [INFO] [TRM] [tk8710_sat_payload_app.c:657:SatPayloadSensitivityRx] RX SENS user=0 rssi=-104 snr=53 freq=20126Hz
[73232] [INFO] [TRM] [tk8710_sat_payload_app.c:657:SatPayloadSensitivityRx] RX SENS user=0 rssi=-104 snr=53 freq=20126Hz
[73547] [INFO] [TRM] [tk8710_sat_payload_app.c:657:SatPayloadSensitivityRx] RX SENS user=0 rssi=-104 snr=53 freq=20126Hz
[73863] [INFO] [TRM] [tk8710_sat_payload_app.c:657:SatPayloadSensitivityRx] RX SENS user=0 rssi=-104 snr=53 freq=20126Hz
[74178] [INFO] [TRM] [tk8710_sat_payload_app.c:657:SatPayloadSensitivityRx] RX SENS user=0 rssi=-104 snr=53 freq=20126Hz
[74493] [INFO] [TRM] [tk8710_sat_payload_app.c:657:SatPayloadSensitivityRx] RX SENS user=0 rssi=-104 snr=53 freq=20126Hz
[74808] [INFO] [TRM] [tk8710_sat_payload_app.c:657:SatPayloadSensitivityRx] RX SENS user=0 rssi=-104 snr=53 freq=20126Hz
[75124] [INFO] [TRM] [tk8710_sat_payload_app.c:657:SatPayloadSensitivityRx] RX SENS user=0 rssi=-104 snr=53 freq=20126Hz
[75439] [INFO] [TRM] [tk8710_sat_payload_app.c:657:SatPayloadSensitivityRx] RX SENS user=0 rssi=-104 snr=53 freq=20126Hz
[75754] [INFO] [TRM] [tk8710_sat_payload_app.c:657:SatPayloadSensitivityRx] RX SENS user=0 rssi=-104 snr=53 freq=20126Hz
[76070] [INFO] [TRM] [tk8710_sat_payload_app.c:657:SatPayloadSensitivityRx] RX SENS user=0 rssi=-104 snr=53 freq=20126Hz
[76385] [INFO] [TRM] [tk8710_sat_payload_app.c:657:SatPayloadSensitivityRx] RX SENS user=0 rssi=-104 snr=53 freq=20126Hz
[76700] [INFO] [TRM] [tk8710_sat_payload_app.c:657:SatPayloadSensitivityRx] RX SENS user=0 rssi=-104 snr=53 freq=20126Hz
[77016] [INFO] [TRM] [tk8710_sat_payload_app.c:657:SatPayloadSensitivityRx] RX SENS user=0 rssi=-104 snr=53 freq=20126Hz
[77331] [INFO] [TRM] [tk8710_sat_payload_app.c:657:SatPayloadSensitivityRx] RX SENS user=0 rssi=-104 snr=53 freq=20126Hz
[77646] [INFO] [TRM] [tk8710_sat_payload_app.c:657:SatPayloadSensitivityRx] RX SENS user=0 rssi=-104 snr=53 freq=20126Hz
[77962] [INFO] [TRM] [tk8710_sat_payload_app.c:657:SatPayloadSensitivityRx] RX SENS user=0 rssi=-104 snr=53 freq=20126Hz
[78277] [INFO] [TRM] [tk8710_sat_payload_app.c:657:SatPayloadSensitivityRx] RX SENS user=0 rssi=-104 snr=53 freq=20126Hz
[78592] [INFO] [TRM] [tk8710_sat_payload_app.c:657:SatPayloadSensitivityRx] RX SENS user=0 rssi=-104 snr=53 freq=20126Hz
[78907] [INFO] [TRM] [tk8710_sat_payload_app.c:657:SatPayloadSensitivityRx] RX SENS user=0 rssi=-104 snr=53 freq=20126Hz
[79223] [INFO] [TRM] [tk8710_sat_payload_app.c:657:SatPayloadSensitivityRx] RX SENS user=0 rssi=-104 snr=53 freq=20126Hz
[79538] [INFO] [TRM] [tk8710_sat_payload_app.c:657:SatPayloadSensitivityRx] RX SENS user=0 rssi=-104 snr=53 freq=20126Hz
[79853] [INFO] [TRM] [tk8710_sat_payload_app.c:657:SatPayloadSensitivityRx] RX SENS user=0 rssi=-104 snr=53 freq=20126Hz
[80169] [INFO] [TRM] [tk8710_sat_payload_app.c:657:SatPayloadSensitivityRx] RX SENS user=0 rssi=-104 snr=53 freq=20126Hz
[80484] [INFO] [TRM] [tk8710_sat_payload_app.c:657:SatPayloadSensitivityRx] RX SENS user=0 rssi=-104 snr=53 freq=20126Hz
[80799] [INFO] [TRM] [tk8710_sat_payload_app.c:657:SatPayloadSensitivityRx] RX SENS user=0 rssi=-104 snr=53 freq=20126Hz
[81115] [INFO] [TRM] [tk8710_sat_payload_app.c:657:SatPayloadSensitivityRx] RX SENS user=0 rssi=-104 snr=53 freq=20126Hz
[81430] [INFO] [TRM] [tk8710_sat_payload_app.c:657:SatPayloadSensitivityRx] RX SENS user=0 rssi=-104 snr=53 freq=20126Hz
[81745] [INFO] [TRM] [tk8710_sat_payload_app.c:657:SatPayloadSensitivityRx] RX SENS user=0 rssi=-104 snr=53 freq=20126Hz
[82061] [INFO] [TRM] [tk8710_sat_payload_app.c:657:SatPayloadSensitivityRx] RX SENS user=0 rssi=-104 snr=53 freq=20126Hz
[82376] [INFO] [TRM] [tk8710_sat_payload_app.c:657:SatPayloadSensitivityRx] RX SENS user=0 rssi=-104 snr=53 freq=20126Hz
[82691] [INFO] [TRM] [tk8710_sat_payload_app.c:657:SatPayloadSensitivityRx] RX SENS user=0 rssi=-104 snr=53 freq=20126Hz
[83006] [INFO] [TRM] [tk8710_sat_payload_app.c:657:SatPayloadSensitivityRx] RX SENS user=0 rssi=-104 snr=53 freq=20126Hz
[83322] [INFO] [TRM] [tk8710_sat_payload_app.c:657:SatPayloadSensitivityRx] RX SENS user=0 rssi=-104 snr=53 freq=20126Hz
[83637] [INFO] [TRM] [tk8710_sat_payload_app.c:657:SatPayloadSensitivityRx] RX SENS user=0 rssi=-103 snr=53 freq=20126Hz
[83952] [INFO] [TRM] [tk8710_sat_payload_app.c:657:SatPayloadSensitivityRx] RX SENS user=0 rssi=-104 snr=53 freq=20126Hz
[84268] [INFO] [TRM] [tk8710_sat_payload_app.c:657:SatPayloadSensitivityRx] RX SENS user=0 rssi=-104 snr=53 freq=20126Hz
[84583] [INFO] [TRM] [tk8710_sat_payload_app.c:657:SatPayloadSensitivityRx] RX SENS user=0 rssi=-103 snr=53 freq=20126Hz
[84898] [INFO] [TRM] [tk8710_sat_payload_app.c:657:SatPayloadSensitivityRx] RX SENS user=0 rssi=-103 snr=53 freq=20126Hz
[85214] [INFO] [TRM] [tk8710_sat_payload_app.c:657:SatPayloadSensitivityRx] RX SENS user=0 rssi=-104 snr=53 freq=20126Hz
[85529] [INFO] [TRM] [tk8710_sat_payload_app.c:657:SatPayloadSensitivityRx] RX SENS user=0 rssi=-104 snr=53 freq=20126Hz
[85844] [INFO] [TRM] [tk8710_sat_payload_app.c:657:SatPayloadSensitivityRx] RX SENS user=0 rssi=-104 snr=53 freq=20126Hz
[86159] [INFO] [TRM] [tk8710_sat_payload_app.c:657:SatPayloadSensitivityRx] RX SENS user=0 rssi=-104 snr=53 freq=20126Hz
[86475] [INFO] [TRM] [tk8710_sat_payload_app.c:657:SatPayloadSensitivityRx] RX SENS user=0 rssi=-104 snr=53 freq=20126Hz
[86790] [INFO] [TRM] [tk8710_sat_payload_app.c:657:SatPayloadSensitivityRx] RX SENS user=0 rssi=-104 snr=53 freq=20126Hz
[87105] [INFO] [TRM] [tk8710_sat_payload_app.c:657:SatPayloadSensitivityRx] RX SENS user=0 rssi=-104 snr=53 freq=20126Hz
[87421] [INFO] [TRM] [tk8710_sat_payload_app.c:657:SatPayloadSensitivityRx] RX SENS user=0 rssi=-104 snr=53 freq=20126Hz
[87736] [INFO] [TRM] [tk8710_sat_payload_app.c:657:SatPayloadSensitivityRx] RX SENS user=0 rssi=-104 snr=53 freq=20126Hz
[88051] [INFO] [TRM] [tk8710_sat_payload_app.c:657:SatPayloadSensitivityRx] RX SENS user=0 rssi=-104 snr=53 freq=20126Hz
[88367] [INFO] [TRM] [tk8710_sat_payload_app.c:657:SatPayloadSensitivityRx] RX SENS user=0 rssi=-104 snr=53 freq=20126Hz
[88682] [INFO] [TRM] [tk8710_sat_payload_app.c:657:SatPayloadSensitivityRx] RX SENS user=0 rssi=-104 snr=53 freq=20126Hz
[88997] [INFO] [TRM] [tk8710_sat_payload_app.c:657:SatPayloadSensitivityRx] RX SENS user=0 rssi=-104 snr=53 freq=20126Hz
[89313] [INFO] [TRM] [tk8710_sat_payload_app.c:657:SatPayloadSensitivityRx] RX SENS user=0 rssi=-103 snr=53 freq=20126Hz
[89628] [INFO] [TRM] [tk8710_sat_payload_app.c:657:SatPayloadSensitivityRx] RX SENS user=0 rssi=-104 snr=53 freq=20126Hz
[89943] [INFO] [TRM] [tk8710_sat_payload_app.c:657:SatPayloadSensitivityRx] RX SENS user=0 rssi=-104 snr=53 freq=20126Hz
[90258] [INFO] [TRM] [tk8710_sat_payload_app.c:657:SatPayloadSensitivityRx] RX SENS user=0 rssi=-104 snr=53 freq=20126Hz
[90574] [INFO] [TRM] [tk8710_sat_payload_app.c:657:SatPayloadSensitivityRx] RX SENS user=0 rssi=-104 snr=53 freq=20126Hz
[90889] [INFO] [TRM] [tk8710_sat_payload_app.c:657:SatPayloadSensitivityRx] RX SENS user=0 rssi=-104 snr=53 freq=20126Hz
[91204] [INFO] [TRM] [tk8710_sat_payload_app.c:657:SatPayloadSensitivityRx] RX SENS user=0 rssi=-104 snr=53 freq=20126Hz
[91520] [INFO] [TRM] [tk8710_sat_payload_app.c:657:SatPayloadSensitivityRx] RX SENS user=0 rssi=-104 snr=53 freq=20126Hz
[91835] [INFO] [TRM] [tk8710_sat_payload_app.c:657:SatPayloadSensitivityRx] RX SENS user=0 rssi=-104 snr=53 freq=20126Hz
[92150] [INFO] [TRM] [tk8710_sat_payload_app.c:657:SatPayloadSensitivityRx] RX SENS user=0 rssi=-103 snr=53 freq=20126Hz
[92466] [INFO] [TRM] [tk8710_sat_payload_app.c:657:SatPayloadSensitivityRx] RX SENS user=0 rssi=-104 snr=53 freq=20126Hz
[92781] [INFO] [TRM] [tk8710_sat_payload_app.c:657:SatPayloadSensitivityRx] RX SENS user=0 rssi=-104 snr=53 freq=20126Hz
[93096] [INFO] [TRM] [tk8710_sat_payload_app.c:657:SatPayloadSensitivityRx] RX SENS user=0 rssi=-104 snr=53 freq=20126Hz
[93412] [INFO] [TRM] [tk8710_sat_payload_app.c:657:SatPayloadSensitivityRx] RX SENS user=0 rssi=-104 snr=53 freq=20126Hz
[93727] [INFO] [TRM] [tk8710_sat_payload_app.c:657:SatPayloadSensitivityRx] RX SENS user=0 rssi=-104 snr=53 freq=20126Hz
[94042] [INFO] [TRM] [tk8710_sat_payload_app.c:657:SatPayloadSensitivityRx] RX SENS user=0 rssi=-104 snr=53 freq=20126Hz
[94358] [INFO] [TRM] [tk8710_sat_payload_app.c:657:SatPayloadSensitivityRx] RX SENS user=0 rssi=-104 snr=53 freq=20126Hz
[94673] [INFO] [TRM] [tk8710_sat_payload_app.c:657:SatPayloadSensitivityRx] RX SENS user=0 rssi=-104 snr=53 freq=20126Hz
[94674] [INFO] [TRM] [tk8710_sat_payload_app.c:671:SatPayloadSensitivityRx] RX SENS windows=200 lost=0 last100Lost=0 validUsers=200
[94988] [INFO] [TRM] [tk8710_sat_payload_app.c:657:SatPayloadSensitivityRx] RX SENS user=0 rssi=-104 snr=53 freq=20126Hz
[95303] [INFO] [TRM] [tk8710_sat_payload_app.c:657:SatPayloadSensitivityRx] RX SENS user=0 rssi=-104 snr=53 freq=20126Hz
[95619] [INFO] [TRM] [tk8710_sat_payload_app.c:657:SatPayloadSensitivityRx] RX SENS user=0 rssi=-104 snr=53 freq=20126Hz
[95934] [INFO] [TRM] [tk8710_sat_payload_app.c:657:SatPayloadSensitivityRx] RX SENS user=0 rssi=-104 snr=53 freq=20126Hz
[96249] [INFO] [TRM] [tk8710_sat_payload_app.c:657:SatPayloadSensitivityRx] RX SENS user=0 rssi=-103 snr=53 freq=20126Hz
[96565] [INFO] [TRM] [tk8710_sat_payload_app.c:657:SatPayloadSensitivityRx] RX SENS user=0 rssi=-104 snr=53 freq=20126Hz
[96880] [INFO] [TRM] [tk8710_sat_payload_app.c:657:SatPayloadSensitivityRx] RX SENS user=0 rssi=-104 snr=53 freq=20126Hz
[97195] [INFO] [TRM] [tk8710_sat_payload_app.c:657:SatPayloadSensitivityRx] RX SENS user=0 rssi=-104 snr=53 freq=20126Hz
[97510] [INFO] [TRM] [tk8710_sat_payload_app.c:657:SatPayloadSensitivityRx] RX SENS user=0 rssi=-104 snr=53 freq=20126Hz
[97826] [INFO] [TRM] [tk8710_sat_payload_app.c:657:SatPayloadSensitivityRx] RX SENS user=0 rssi=-104 snr=53 freq=20126Hz
[98141] [INFO] [TRM] [tk8710_sat_payload_app.c:657:SatPayloadSensitivityRx] RX SENS user=0 rssi=-104 snr=53 freq=20126Hz
[98456] [INFO] [TRM] [tk8710_sat_payload_app.c:657:SatPayloadSensitivityRx] RX SENS user=0 rssi=-104 snr=53 freq=20126Hz
[98772] [INFO] [TRM] [tk8710_sat_payload_app.c:657:SatPayloadSensitivityRx] RX SENS user=0 rssi=-104 snr=53 freq=20126Hz
[99087] [INFO] [TRM] [tk8710_sat_payload_app.c:657:SatPayloadSensitivityRx] RX SENS user=0 rssi=-104 snr=53 freq=20126Hz
[99402] [INFO] [TRM] [tk8710_sat_payload_app.c:657:SatPayloadSensitivityRx] RX SENS user=0 rssi=-104 snr=53 freq=20126Hz
[99718] [INFO] [TRM] [tk8710_sat_payload_app.c:657:SatPayloadSensitivityRx] RX SENS user=0 rssi=-104 snr=53 freq=20126Hz
[100033] [INFO] [TRM] [tk8710_sat_payload_app.c:657:SatPayloadSensitivityRx] RX SENS user=0 rssi=-104 snr=53 freq=20126Hz
[100348] [INFO] [TRM] [tk8710_sat_payload_app.c:657:SatPayloadSensitivityRx] RX SENS user=0 rssi=-104 snr=53 freq=20126Hz
[100664] [INFO] [TRM] [tk8710_sat_payload_app.c:657:SatPayloadSensitivityRx] RX SENS user=0 rssi=-104 snr=53 freq=20126Hz
[100979] [INFO] [TRM] [tk8710_sat_payload_app.c:657:SatPayloadSensitivityRx] RX SENS user=0 rssi=-104 snr=53 freq=20126Hz
[101294] [INFO] [TRM] [tk8710_sat_payload_app.c:657:SatPayloadSensitivityRx] RX SENS user=0 rssi=-104 snr=53 freq=20126Hz
[101610] [INFO] [TRM] [tk8710_sat_payload_app.c:657:SatPayloadSensitivityRx] RX SENS user=0 rssi=-104 snr=53 freq=20126Hz
[101925] [INFO] [TRM] [tk8710_sat_payload_app.c:657:SatPayloadSensitivityRx] RX SENS user=0 rssi=-104 snr=53 freq=20126Hz
[102240] [INFO] [TRM] [tk8710_sat_payload_app.c:657:SatPayloadSensitivityRx] RX SENS user=0 rssi=-104 snr=53 freq=20126Hz
[102555] [INFO] [TRM] [tk8710_sat_payload_app.c:657:SatPayloadSensitivityRx] RX SENS user=0 rssi=-104 snr=53 freq=20126Hz
[102871] [INFO] [TRM] [tk8710_sat_payload_app.c:657:SatPayloadSensitivityRx] RX SENS user=0 rssi=-104 snr=53 freq=20126Hz
[103186] [INFO] [TRM] [tk8710_sat_payload_app.c:657:SatPayloadSensitivityRx] RX SENS user=0 rssi=-104 snr=53 freq=20126Hz
[103501] [INFO] [TRM] [tk8710_sat_payload_app.c:657:SatPayloadSensitivityRx] RX SENS user=0 rssi=-104 snr=53 freq=20126Hz
[103817] [INFO] [TRM] [tk8710_sat_payload_app.c:657:SatPayloadSensitivityRx] RX SENS user=0 rssi=-104 snr=53 freq=20126Hz
[104132] [INFO] [TRM] [tk8710_sat_payload_app.c:657:SatPayloadSensitivityRx] RX SENS user=0 rssi=-104 snr=53 freq=20126Hz
[
[HOST 2026-09-28T17:43:06.915491] AT+STATE
104447] [INFO] [TRM] [tk8710_sat_payload_app.c:657:SatPayloadSensitivityRx] RX SENS user=0 rssi=-104 snr=53 freq=20126Hz

STATE=RUNNING MODE=7
OK
SAT> [104763] [INFO] [TRM] [tk8710_sat_payload_app.c:657:SatPayloadSensitivityRx] RX SENS user=0 rssi=-103 snr=53 freq=20126Hz
[105078] [INFO] [TRM] [tk8710_sat_payload_app.c:657:SatPayloadSensitivityRx] RX SENS user=0 rssi=-104 snr=53 freq=20126Hz
[105393] [INFO] [TRM] [tk8710_sat_payload_app.c:657:SatPayloadSensitivityRx] RX SENS user=0 rssi=-104 snr=53 freq=20126Hz
[105709] [INFO] [TRM] [tk8710_sat_payload_app.c:657:SatPayloadSensitivityRx] RX SENS user=0 rssi=-104 snr=53 freq=20126Hz
[106024] [INFO] [TRM] [tk8710_sat_payload_app.c:657:SatPayloadSensitivityRx] RX SENS user=0 rssi=-104 snr=53 freq=20126Hz
[106339] [INFO] [TRM] [tk8710_sat_payload_app.c:657:SatPayloadSensitivityRx] RX SENS user=0 rssi=-104 snr=53 freq=20126Hz
[106654] [INFO] [TRM] [tk8710_sat_payload_app.c:657:SatPayloadSensitivityRx] RX SENS user=0 rssi=-104 snr=53 freq=20126Hz
[106970] [INFO] [TRM] [tk8710_sat_payload_app.c:657:SatPayloadSensitivityRx] RX SENS user=0 rssi=-103 snr=53 freq=20126Hz
[107285] [INFO] [TRM] [tk8710_sat_payload_app.c:657:SatPayloadSensitivityRx] RX SENS user=0 rssi=-104 snr=53 freq=20126Hz

[HOST 2026-09-28T17:43:09.957135] AT+TM

TM seq=106 uptimeMs=107360 state=RUNNING mode=7 configVersion=2 lastResult=0
TRM tx=0 txOk=0 rx=240 queueFree=0 cache=0 routes=0 gsBeams=0 beamMiss=0
PORT heap=0 peak=0 heapFail=0 spiErr=0 gpioIrq=1037 edge=1037 recovery=0 statusPoll=0 sdram=1
GIO pin=0 callback=1 DIN=0x00000082 FLG=0x00000003 ENA=0x00000008 VIMMASK0=0x00002203
RST pin=1 lowEdge=0 driveLow=6 spiReset=195 portInit=1 spiInit=1 DOUT=0x00000002 DIR=0x00000003
IRQ 241 0 0 266 265 25 0 25 25 0 raw=0x00000000 mask=0x000007E6
RX valid=0 user=0x00000000 rssi=0 snr=0 freqOffset=0
ACM pending=0 running=0 completed=0 last=0
ACM_RESULT valid=0 gen=0 timestampMs=0 validCount=0 antMask=0x00000000 last=0
ACM_FACTOR ant=1 I=0x00000000 Q=0x00000000
ACM_FACTOR ant=2 I=0x00000000 Q=0x00000000
ACM_FACTOR ant=3 I=0x00000000 Q=0x00000000
ACM_FACTOR ant=4 I=0x00000000 Q=0x00000000
ACM_FACTOR ant=5 I=0x00000000 Q=0x00000000
ACM_FACTOR ant=6 I=0x00000000 Q=0x00000000
ACM_FACTOR ant=7 I=0x00000000 Q=0x00000000
ACM_FACTOR ant=8 I=0x00000000 Q=0x00000000
CAP state=0 gen=0 rate=0 valid=0x00000000 bytes=0 errors=0 spiUs=0/0 fftUs=0/0 last=0
CAP noiseDbmHz=0.00,0.00,0.00,0.00,0.00,0.00,0.00,0.00
SWEEP gen=0 active=0 complete=0 points=0/0 last=0
OK
SAT> [107600] [INFO] [TRM] [tk8710_sat_payload_app.c:657:SatPayloadSensitivityRx] RX SENS user=0 rssi=-104 snr=53 freq=20126Hz
[107916] [INFO] [TRM] [tk8710_sat_payload_app.c:657:SatPayloadSensitivityRx] RX SENS user=0 rssi=-104 snr=53 freq=20126Hz
[108231] [INFO] [TRM] [tk8710_sat_payload_app.c:657:SatPayloadSensitivityRx] RX SENS user=0 rssi=-104 snr=53 freq=20126Hz
[108546] [INFO] [TRM] [tk8710_sat_payload_app.c:657:SatPayloadSensitivityRx] RX SENS user=0 rssi=-103 snr=53 freq=20126Hz
[108862] [INFO] [TRM] [tk8710_sat_payload_app.c:657:SatPayloadSensitivityRx] RX SENS user=0 rssi=-103 snr=53 freq=20126Hz
[109177] [INFO] [TRM] [tk8710_sat_payload_app.c:657:SatPayloadSensitivityRx] RX SENS user=0 rssi=-104 snr=53 freq=20126Hz
[109492] [INFO] [TRM] [tk8710_sat_payload_app.c:657:SatPayloadSensitivityRx] RX SENS user=0 rssi=-104 snr=53 freq=20126Hz
[109807] [INFO] [TRM] [tk8710_sat_payload_app.c:657:SatPayloadSensitivityRx] RX SENS user=0 rssi=-103 snr=53 freq=20126Hz
[110123] [INFO] [TRM] [tk8710_sat_payload_app.c:657:SatPayloadSensitivityRx] RX SENS user=0 rssi=-104 snr=53 freq=20126Hz
[110438] [INFO] [TRM] [tk8710_sat_payload_app.c:657:SatPayloadSensitivityRx] RX SENS user=0 rssi=-104 snr=53 freq=20126Hz

[HOST 2026-09-28T17:43:12.996711] AT+FPGATM

FPGA_TM rxFrames=0 rxErrors=0 unsupported=0 lastCmd=0x00000000 physicalRx=0 lastPhysicalRx=00 00 00 00 00 00 00 00 00 00
FPGA_PARAM mode=3 rate=0 slotConfig=0 txPower=26 freqHz=509100000 rfMask=255 bootFlag=255 resetCount=16 resetType=0 utcTime=2009-01-01 00:00:00
FPGA_REG device=0x0000 addr=0x0000 value=0x00000000
DT head=0x00040000 tail=0x00040000 ram=2569 pending=2569 active=0 starts=0 built=0 sent=0 sendErr=0 lastBuild=0 lastSend=0 lastLen=0 lastSeq=0 slaveReady=0 slaveOff=0 sp2Proc=0 sp2Rx=0 sp2Pc2Chg=0 sp2FLG=0x00000000 sp2PC2=0x00000000 sp2PC0=0x00000000 sp2PC1=0x00000000 sp2GCR1=0x00000000 dmaStat=0x00000000 dmaPend=0x00000000 dmaEn=0x00000000 dmaBTC=0x00000000 dmaRxRem=0 dmaTxRem=0 dmaStarted=0 dmaRxFirst=0x00000000 dmaRxLast=0x00000000 dmaRxSum=0x00000000
OK
SAT> [110753] [INFO] [TRM] [tk8710_sat_payload_app.c:657:SatPayloadSensitivityRx] RX SENS user=0 rssi=-103 snr=53 freq=20126Hz
[111069] [INFO] [TRM] [tk8710_sat_payload_app.c:657:SatPayloadSensitivityRx] RX SENS user=0 rssi=-104 snr=53 freq=20126Hz
[111384] [INFO] [TRM] [tk8710_sat_payload_app.c:657:SatPayloadSensitivityRx] RX SENS user=0 rssi=-104 snr=53 freq=20126Hz
[111699] [INFO] [TRM] [tk8710_sat_payload_app.c:657:SatPayloadSensitivityRx] RX SENS user=0 rssi=-104 snr=53 freq=20126Hz
[112015] [INFO] [TRM] [tk8710_sat_payload_app.c:657:SatPayloadSensitivityRx] RX SENS user=0 rssi=-104 snr=53 freq=20126Hz
[112330] [INFO] [TRM] [tk8710_sat_payload_app.c:657:SatPayloadSensitivityRx] RX SENS user=0 rssi=-104 snr=53 freq=20126Hz
[112645] [INFO] [TRM] [tk8710_sat_payload_app.c:657:SatPayloadSensitivityRx] RX SENS user=0 rssi=-103 snr=53 freq=20126Hz
[112961] [INFO] [TRM] [tk8710_sat_payload_app.c:657:SatPayloadSensitivityRx] RX SENS user=0 rssi=-104 snr=53 freq=20126Hz
[113276] [INFO] [TRM] [tk8710_sat_payload_app.c:657:SatPayloadSensitivityRx] RX SENS user=0 rssi=-104 snr=53 freq=20126Hz
[