
[HOST 2026-09-28T17:43:34.877002] AT+VER

VER=1.0.1
OK
SAT> [132509] [INFO] [TRM] [tk8710_sat_payload_app.c:657:SatPayloadSensitivityRx] RX SENS user=0 rssi=-104 snr=53 freq=20126Hz
[132825] [INFO] [TRM] [tk8710_sat_payload_app.c:657:SatPayloadSensitivityRx] RX SENS user=0 rssi=-104 snr=53 freq=20126Hz
[133140] [INFO] [TRM] [tk8710_sat_payload_app.c:657:SatPayloadSensitivityRx] RX SENS user=0 rssi=-104 snr=53 freq=20126Hz
[133455] [INFO] [TRM] [tk8710_sat_payload_app.c:657:SatPayloadSensitivityRx] RX SENS user=0 rssi=-104 snr=53 freq=20126Hz
[133771] [INFO] [TRM] [tk8710_sat_payload_app.c:657:SatPayloadSensitivityRx] RX SENS user=0 rssi=-104 snr=53 freq=20126Hz
[134086] [INFO] [TRM] [tk8710_sat_payload_app.c:657:SatPayloadSensitivityRx] RX SENS user=0 rssi=-104 snr=53 freq=20126Hz
[134401] [INFO] [TRM] [tk8710_sat_payload_app.c:657:SatPayloadSensitivityRx] RX SENS user=0 rssi=-104 snr=53 freq=20126Hz
[134717] [INFO] [TRM] [tk8710_sat_payload_app.c:657:SatPayloadSensitivityRx] RX SENS user=0 rssi=-104 snr=53 freq=20126Hz
[135032] [INFO] [TRM] [tk8710_sat_payload_app.c:657:SatPayloadSensitivityRx] RX SENS user=0 rssi=-104 snr=53 freq=20126Hz
[135347] [INFO] [TRM] [tk8710_sat_payload_app.c:657:SatPayloadSensitivityRx] RX SENS user=0 rssi=-104 snr=53 freq=20126Hz

[HOST 2026-09-28T17:43:37.905047] AT+STOP

[135464] [INFO] [TRM] [tk8710_sat_payload_app.c:1245:SatPayloadApp_Stop] SAT APP stopped and returned to control-ready
OK result=0
SAT> 
[HOST 2026-09-28T17:43:40.906629] AT+SETPARAM=6,0,11776,0,0,0,0,22,69536,509100000,126,42,255,255

[138457] [INFO] [TRM] [tk8710_sat_payload_app.c:1208:SatPayloadApp_SetWorkParams] SAT APP work params accepted: freq=509100000 rate=6 rfMask=0xFF
OK result=0
SAT> 
[HOST 2026-09-28T17:43:43.997341] AT+SETMODE=7

141709 [INFO] [CONFIG] Run ACM auto-gain...

141730 [INFO] [CONFIG] === ACM SNR values ===

141731 [INFO] [CONFIG] Antenna0: TX0_SNR=19, RX0_SNR=20, TX1_SNR=28, RX1_SNR=21

141732 [INFO] [CONFIG] Antenna1: TX0_SNR=23, RX0_SNR=23, TX1_SNR=30, RX1_SNR=23

141733 [INFO] [CONFIG] Antenna2: TX0_SNR=20, RX0_SNR=22, TX1_SNR=28, RX1_SNR=23

141734 [INFO] [CONFIG] Antenna3: TX0_SNR=20, RX0_SNR=24, TX1_SNR=26, RX1_SNR=25

141735 [INFO] [CONFIG] Antenna4: TX0_SNR=26, RX0_SNR=29, TX1_SNR=34, RX1_SNR=30

141736 [INFO] [CONFIG] Antenna5: TX0_SNR=28, RX0_SNR=2, TX1_SNR=36, RX1_SNR=-12

141737 [INFO] [CONFIG] Antenna6: TX0_SNR=22, RX0_SNR=19, TX1_SNR=31, RX1_SNR=24

141738 [INFO] [CONFIG] Antenna7: TX0_SNR=21, RX0_SNR=25, TX1_SNR=29, RX1_SNR=28

141739 [INFO] [CONFIG] Valid SNR count: 2 (threshold: 32)

141759 [INFO] [CONFIG] === ACM SNR values ===

141760 [INFO] [CONFIG] Antenna0: TX0_SNR=26, RX0_SNR=23, TX1_SNR=28, RX1_SNR=19

141761 [INFO] [CONFIG] Antenna1: TX0_SNR=29, RX0_SNR=24, TX1_SNR=30, RX1_SNR=20

141762 [INFO] [CONFIG] Antenna2: TX0_SNR=27, RX0_SNR=21, TX1_SNR=28, RX1_SNR=21

141763 [INFO] [CONFIG] Antenna3: TX0_SNR=25, RX0_SNR=24, TX1_SNR=27, RX1_SNR=25

141764 [INFO] [CONFIG] Antenna4: TX0_SNR=32, RX0_SNR=31, TX1_SNR=34, RX1_SNR=32

141765 [INFO] [CONFIG] Antenna5: TX0_SNR=34, RX0_SNR=-6, TX1_SNR=36, RX1_SNR=-2

141766 [INFO] [CONFIG] Antenna6: TX0_SNR=28, RX0_SNR=26, TX1_SNR=30, RX1_SNR=23

141767 [INFO] [CONFIG] Antenna7: TX0_SNR=28, RX0_SNR=24, TX1_SNR=29, RX1_SNR=28

141768 [INFO] [CONFIG] Valid SNR count: 5 (threshold: 32)

141789 [INFO] [CONFIG] === ACM SNR values ===

141790 [INFO] [CONFIG] Antenna0: TX0_SNR=25, RX0_SNR=25, TX1_SNR=23, RX1_SNR=19

141791 [INFO] [CONFIG] Antenna1: TX0_SNR=27, RX0_SNR=22, TX1_SNR=25, RX1_SNR=21

141792 [INFO] [CONFIG] Antenna2: TX0_SNR=24, RX0_SNR=20, TX1_SNR=23, RX1_SNR=19

141793 [INFO] [CONFIG] Antenna3: TX0_SNR=24, RX0_SNR=23, TX1_SNR=22, RX1_SNR=26

141794 [INFO] [CONFIG] Antenna4: TX0_SNR=31, RX0_SNR=32, TX1_SNR=29, RX1_SNR=31

141795 [INFO] [CONFIG] Antenna5: TX0_SNR=33, RX0_SNR=-3, TX1_SNR=31, RX1_SNR=-3

141796 [INFO] [CONFIG] Antenna6: TX0_SNR=27, RX0_SNR=25, TX1_SNR=25, RX1_SNR=22

141797 [INFO] [CONFIG] Antenna7: TX0_SNR=26, RX0_SNR=27, TX1_SNR=24, RX1_SNR=23

141798 [INFO] [CONFIG] Valid SNR count: 2 (threshold: 32)

141819 [INFO] [CONFIG] === ACM SNR values ===

141819 [INFO] [CONFIG] Antenna0: TX0_SNR=24, RX0_SNR=24, TX1_SNR=23, RX1_SNR=24

141820 [INFO] [CONFIG] Antenna1: TX0_SNR=28, RX0_SNR=25, TX1_SNR=26, RX1_SNR=22

141821 [INFO] [CONFIG] Antenna2: TX0_SNR=25, RX0_SNR=21, TX1_SNR=22, RX1_SNR=22

141822 [INFO] [CONFIG] Antenna3: TX0_SNR=24, RX0_SNR=26, TX1_SNR=22, RX1_SNR=22

141823 [INFO] [CONFIG] Antenna4: TX0_SNR=31, RX0_SNR=33, TX1_SNR=30, RX1_SNR=31

141824 [INFO] [CONFIG] Antenna5: TX0_SNR=33, RX0_SNR=-1, TX1_SNR=32, RX1_SNR=-8

141825 [INFO] [CONFIG] Antenna6: TX0_SNR=27, RX0_SNR=24, TX1_SNR=26, RX1_SNR=23

141826 [INFO] [CONFIG] Antenna7: TX0_SNR=26, RX0_SNR=25, TX1_SNR=24, RX1_SNR=23

141827 [INFO] [CONFIG] Valid SNR count: 3 (threshold: 32)

141848 [INFO] [CONFIG] === ACM SNR values ===

141849 [INFO] [CONFIG] Antenna0: TX0_SNR=25, RX0_SNR=22, TX1_SNR=23, RX1_SNR=20

141850 [INFO] [CONFIG] Antenna1: TX0_SNR=28, RX0_SNR=22, TX1_SNR=26, RX1_SNR=25

141851 [INFO] [CONFIG] Antenna2: TX0_SNR=25, RX0_SNR=25, TX1_SNR=23, RX1_SNR=20

141852 [INFO] [CONFIG] Antenna3: TX0_SNR=24, RX0_SNR=23, TX1_SNR=22, RX1_SNR=23

141853 [INFO] [CONFIG] Antenna4: TX0_SNR=32, RX0_SNR=30, TX1_SNR=29, RX1_SNR=29

141854 [INFO] [CONFIG] Antenna5: TX0_SNR=33, RX0_SNR=1, TX1_SNR=32, RX1_SNR=-8

141855 [INFO] [CONFIG] Antenna6: TX0_SNR=27, RX0_SNR=25, TX1_SNR=26, RX1_SNR=23

141856 [INFO] [CONFIG] Antenna7: TX0_SNR=27, RX0_SNR=27, TX1_SNR=24, RX1_SNR=23

141857 [INFO] [CONFIG] Valid SNR count: 3 (threshold: 32)

141878 [INFO] [CONFIG] === ACM SNR values ===

141878 [INFO] [CONFIG] Antenna0: TX0_SNR=32, RX0_SNR=32, TX1_SNR=31, RX1_SNR=27

141879 [INFO] [CONFIG] Antenna1: TX0_SNR=34, RX0_SNR=29, TX1_SNR=33, RX1_SNR=27

141880 [INFO] [CONFIG] Antenna2: TX0_SNR=32, RX0_SNR=28, TX1_SNR=31, RX1_SNR=26

141881 [INFO] [CONFIG] Antenna3: TX0_SNR=31, RX0_SNR=27, TX1_SNR=30, RX1_SNR=29

141882 [INFO] [CONFIG] Antenna4: TX0_SNR=38, RX0_SNR=39, TX1_SNR=37, RX1_SNR=37

141883 [INFO] [CONFIG] Antenna5: TX0_SNR=40, RX0_SNR=4, TX1_SNR=39, RX1_SNR=-4

141884 [INFO] [CONFIG] Antenna6: TX0_SNR=28, RX0_SNR=32, TX1_SNR=34, RX1_SNR=30

141885 [INFO] [CONFIG] Antenna7: TX0_SNR=33, RX0_SNR=29, TX1_SNR=26, RX1_SNR=31

141886 [INFO] [CONFIG] Valid SNR count: 14 (threshold: 32)

141907 [INFO] [CONFIG] === ACM SNR values ===

141908 [INFO] [CONFIG] Antenna0: TX0_SNR=30, RX0_SNR=29, TX1_SNR=29, RX1_SNR=28

141909 [INFO] [CONFIG] Antenna1: TX0_SNR=32, RX0_SNR=29, TX1_SNR=32, RX1_SNR=28

141910 [INFO] [CONFIG] Antenna2: TX0_SNR=29, RX0_SNR=29, TX1_SNR=29, RX1_SNR=26

141911 [INFO] [CONFIG] Antenna3: TX0_SNR=28, RX0_SNR=30, TX1_SNR=28, RX1_SNR=31

141912 [INFO] [CONFIG] Antenna4: TX0_SNR=36, RX0_SNR=39, TX1_SNR=36, RX1_SNR=40

141913 [INFO] [CONFIG] Antenna5: TX0_SNR=38, RX0_SNR=0, TX1_SNR=38, RX1_SNR=-10

141914 [INFO] [CONFIG] Antenna6: TX0_SNR=25, RX0_SNR=30, TX1_SNR=32, RX1_SNR=30

141915 [INFO] [CONFIG] Antenna7: TX0_SNR=31, RX0_SNR=28, TX1_SNR=24, RX1_SNR=29

141916 [INFO] [CONFIG] Valid SNR count: 9 (threshold: 32)

141937 [INFO] [CONFIG] === ACM SNR values ===

141937 [INFO] [CONFIG] Antenna0: TX0_SNR=31, RX0_SNR=28, TX1_SNR=31, RX1_SNR=29

141938 [INFO] [CONFIG] Antenna1: TX0_SNR=33, RX0_SNR=28, TX1_SNR=33, RX1_SNR=27

141939 [INFO] [CONFIG] Antenna2: TX0_SNR=30, RX0_SNR=29, TX1_SNR=31, RX1_SNR=27

141940 [INFO] [CONFIG] Antenna3: TX0_SNR=30, RX0_SNR=29, TX1_SNR=30, RX1_SNR=28

141941 [INFO] [CONFIG] Antenna4: TX0_SNR=37, RX0_SNR=39, TX1_SNR=37, RX1_SNR=38

141942 [INFO] [CONFIG] Antenna5: TX0_SNR=39, RX0_SNR=1, TX1_SNR=39, RX1_SNR=-15

141943 [INFO] [CONFIG] Antenna6: TX0_SNR=27, RX0_SNR=31, TX1_SNR=34, RX1_SNR=31

141944 [INFO] [CONFIG] Antenna7: TX0_SNR=32, RX0_SNR=32, TX1_SNR=26, RX1_SNR=31

141945 [INFO] [CONFIG] Valid SNR count: 11 (threshold: 32)

141966 [INFO] [CONFIG] === ACM SNR values ===

141967 [INFO] [CONFIG] Antenna0: TX0_SNR=31, RX0_SNR=32, TX1_SNR=32, RX1_SNR=27

141968 [INFO] [CONFIG] Antenna1: TX0_SNR=33, RX0_SNR=27, TX1_SNR=34, RX1_SNR=25

141969 [INFO] [CONFIG] Antenna2: TX0_SNR=30, RX0_SNR=28, TX1_SNR=31, RX1_SNR=28

141970 [INFO] [CONFIG] Antenna3: TX0_SNR=29, RX0_SNR=32, TX1_SNR=30, RX1_SNR=28

141971 [INFO] [CONFIG] Antenna4: TX0_SNR=37, RX0_SNR=40, TX1_SNR=38, RX1_SNR=36

141972 [INFO] [CONFIG] Antenna5: TX0_SNR=39, RX0_SNR=1, TX1_SNR=40, RX1_SNR=-17

141973 [INFO] [CONFIG] Antenna6: TX0_SNR=27, RX0_SNR=31, TX1_SNR=34, RX1_SNR=31

141974 [INFO] [CONFIG] Antenna7: TX0_SNR=32, RX0_SNR=32, TX1_SNR=27, RX1_SNR=32

141975 [INFO] [CONFIG] Valid SNR count: 15 (threshold: 32)

141996 [INFO] [CONFIG] === ACM SNR values ===

141996 [INFO] [CONFIG] Antenna0: TX0_SNR=31, RX0_SNR=30, TX1_SNR=30, RX1_SNR=28

141997 [INFO] [CONFIG] Antenna1: TX0_SNR=33, RX0_SNR=30, TX1_SNR=33, RX1_SNR=27

141998 [INFO] [CONFIG] Antenna2: TX0_SNR=31, RX0_SNR=33, TX1_SNR=31, RX1_SNR=27

141999 [INFO] [CONFIG] Antenna3: TX0_SNR=30, RX0_SNR=31, TX1_SNR=29, RX1_SNR=28

142000 [INFO] [CONFIG] Antenna4: TX0_SNR=37, RX0_SNR=37, TX1_SNR=37, RX1_SNR=36

142001 [INFO] [CONFIG] Antenna5: TX0_SNR=39, RX0_SNR=0, TX1_SNR=39, RX1_SNR=-6

142002 [INFO] [CONFIG] Antenna6: TX0_SNR=27, RX0_SNR=31, TX1_SNR=33, RX1_SNR=29

142003 [INFO] [CONFIG] Antenna7: TX0_SNR=32, RX0_SNR=31, TX1_SNR=26, RX1_SNR=30

142004 [INFO] [CONFIG] Valid SNR count: 11 (threshold: 32)

142025 [INFO] [CONFIG] === ACM SNR values ===

142026 [INFO] [CONFIG] Antenna0: TX0_SNR=35, RX0_SNR=31, TX1_SNR=39, RX1_SNR=31

142027 [INFO] [CONFIG] Antenna1: TX0_SNR=38, RX0_SNR=30, TX1_SNR=41, RX1_SNR=29

142028 [INFO] [CONFIG] Antenna2: TX0_SNR=35, RX0_SNR=31, TX1_SNR=39, RX1_SNR=29

142029 [INFO] [CONFIG] Antenna3: TX0_SNR=34, RX0_SNR=32, TX1_SNR=38, RX1_SNR=31

142030 [INFO] [CONFIG] Antenna4: TX0_SNR=42, RX0_SNR=44, TX1_SNR=45, RX1_SNR=39

142031 [INFO] [CONFIG] Antenna5: TX0_SNR=44, RX0_SNR=-5, TX1_SNR=47, RX1_SNR=-7

142032 [INFO] [CONFIG] Antenna6: TX0_SNR=28, RX0_SNR=35, TX1_SNR=42, RX1_SNR=37

142033 [INFO] [CONFIG] Antenna7: TX0_SNR=37, RX0_SNR=33, TX1_SNR=31, RX1_SNR=39

142034 [INFO] [CONFIG] Valid SNR count: 21 (threshold: 32)

142055 [INFO] [CONFIG] === ACM SNR values ===

142055 [INFO] [CONFIG] Antenna0: TX0_SNR=37, RX0_SNR=33, TX1_SNR=37, RX1_SNR=31

142056 [INFO] [CONFIG] Antenna1: TX0_SNR=40, RX0_SNR=32, TX1_SNR=39, RX1_SNR=32

142057 [INFO] [CONFIG] Antenna2: TX0_SNR=37, RX0_SNR=33, TX1_SNR=36, RX1_SNR=30

142058 [INFO] [CONFIG] Antenna3: TX0_SNR=36, RX0_SNR=33, TX1_SNR=35, RX1_SNR=32

142059 [INFO] [CONFIG] Antenna4: TX0_SNR=44, RX0_SNR=39, TX1_SNR=43, RX1_SNR=41

142060 [INFO] [CONFIG] Antenna5: TX0_SNR=46, RX0_SNR=-3, TX1_SNR=45, RX1_SNR=-10

142061 [INFO] [CONFIG] Antenna6: TX0_SNR=30, RX0_SNR=37, TX1_SNR=39, RX1_SNR=35

142062 [INFO] [CONFIG] Antenna7: TX0_SNR=39, RX0_SNR=39, TX1_SNR=28, RX1_SNR=37

142063 [INFO] [CONFIG] Valid SNR count: 26 (threshold: 32)

142084 [INFO] [CONFIG] === ACM SNR values ===

142085 [INFO] [CONFIG] Antenna0: TX0_SNR=34, RX0_SNR=32, TX1_SNR=35, RX1_SNR=33

142086 [INFO] [CONFIG] Antenna1: TX0_SNR=36, RX0_SNR=35, TX1_SNR=37, RX1_SNR=30

142087 [INFO] [CONFIG] Antenna2: TX0_SNR=34, RX0_SNR=33, TX1_SNR=35, RX1_SNR=32

142088 [INFO] [CONFIG] Antenna3: TX0_SNR=33, RX0_SNR=33, TX1_SNR=33, RX1_SNR=34

142089 [INFO] [CONFIG] Antenna4: TX0_SNR=40, RX0_SNR=43, TX1_SNR=41, RX1_SNR=40

142090 [INFO] [CONFIG] Antenna5: TX0_SNR=42, RX0_SNR=-3, TX1_SNR=43, RX1_SNR=-11

142091 [INFO] [CONFIG] Antenna6: TX0_SNR=26, RX0_SNR=34, TX1_SNR=37, RX1_SNR=33

142092 [INFO] [CONFIG] Antenna7: TX0_SNR=35, RX0_SNR=35, TX1_SNR=26, RX1_SNR=35

142093 [INFO] [CONFIG] Valid SNR count: 27 (threshold: 32)

142114 [INFO] [CONFIG] === ACM SNR values ===

142114 [INFO] [CONFIG] Antenna0: TX0_SNR=36, RX0_SNR=34, TX1_SNR=34, RX1_SNR=32

142115 [INFO] [CONFIG] Antenna1: TX0_SNR=38, RX0_SNR=31, TX1_SNR=36, RX1_SNR=32

142116 [INFO] [CONFIG] Antenna2: TX0_SNR=36, RX0_SNR=30, TX1_SNR=33, RX1_SNR=33

142117 [INFO] [CONFIG] Antenna3: TX0_SNR=35, RX0_SNR=35, TX1_SNR=32, RX1_SNR=34

142118 [INFO] [CONFIG] Antenna4: TX0_SNR=43, RX0_SNR=46, TX1_SNR=40, RX1_SNR=40

142119 [INFO] [CONFIG] Antenna5: TX0_SNR=44, RX0_SNR=-2, TX1_SNR=42, RX1_SNR=-5

142120 [INFO] [CONFIG] Antenna6: TX0_SNR=29, RX0_SNR=36, TX1_SNR=36, RX1_SNR=32

142121 [INFO] [CONFIG] Antenna7: TX0_SNR=38, RX0_SNR=35, TX1_SNR=25, RX1_SNR=34

142122 [INFO] [CONFIG] Valid SNR count: 26 (threshold: 32)

142143 [INFO] [CONFIG] === ACM SNR values ===

142144 [INFO] [CONFIG] Antenna0: TX0_SNR=35, RX0_SNR=31, TX1_SNR=37, RX1_SNR=29

142145 [INFO] [CONFIG] Antenna1: TX0_SNR=38, RX0_SNR=30, TX1_SNR=39, RX1_SNR=34

142146 [INFO] [CONFIG] Antenna2: TX0_SNR=35, RX0_SNR=32, TX1_SNR=37, RX1_SNR=30

142147 [INFO] [CONFIG] Antenna3: TX0_SNR=34, RX0_SNR=33, TX1_SNR=36, RX1_SNR=33

142148 [INFO] [CONFIG] Antenna4: TX0_SNR=42, RX0_SNR=39, TX1_SNR=43, RX1_SNR=42

142149 [INFO] [CONFIG] Antenna5: TX0_SNR=44, RX0_SNR=-9, TX1_SNR=45, RX1_SNR=-7

142150 [INFO] [CONFIG] Antenna6: TX0_SNR=28, RX0_SNR=35, TX1_SNR=40, RX1_SNR=35

142151 [INFO] [CONFIG] Antenna7: TX0_SNR=37, RX0_SNR=33, TX1_SNR=29, RX1_SNR=37

142152 [INFO] [CONFIG] Valid SNR count: 24 (threshold: 32)

142173 [INFO] [CONFIG] === ACM SNR values ===

142173 [INFO] [CONFIG] Antenna0: TX0_SNR=37, RX0_SNR=37, TX1_SNR=37, RX1_SNR=36

142174 [INFO] [CONFIG] Antenna1: TX0_SNR=39, RX0_SNR=36, TX1_SNR=39, RX1_SNR=35

142175 [INFO] [CONFIG] Antenna2: TX0_SNR=37, RX0_SNR=35, TX1_SNR=37, RX1_SNR=32

142176 [INFO] [CONFIG] Antenna3: TX0_SNR=36, RX0_SNR=35, TX1_SNR=36, RX1_SNR=34

142177 [INFO] [CONFIG] Antenna4: TX0_SNR=43, RX0_SNR=45, TX1_SNR=43, RX1_SNR=41

142178 [INFO] [CONFIG] Antenna5: TX0_SNR=45, RX0_SNR=-3, TX1_SNR=45, RX1_SNR=-9

142179 [INFO] [CONFIG] Antenna6: TX0_SNR=27, RX0_SNR=37, TX1_SNR=40, RX1_SNR=36

142180 [INFO] [CONFIG] Antenna7: TX0_SNR=38, RX0_SNR=38, TX1_SNR=26, RX1_SNR=37

142181 [INFO] [CONFIG] Valid SNR count: 28 (threshold: 32)

142202 [INFO] [CONFIG] === ACM SNR values ===

142203 [INFO] [CONFIG] Antenna0: TX0_SNR=36, RX0_SNR=35, TX1_SNR=35, RX1_SNR=31

142204 [INFO] [CONFIG] Antenna1: TX0_SNR=38, RX0_SNR=39, TX1_SNR=37, RX1_SNR=32

142205 [INFO] [CONFIG] Antenna2: TX0_SNR=36, RX0_SNR=36, TX1_SNR=35, RX1_SNR=33

142206 [INFO] [CONFIG] Antenna3: TX0_SNR=35, RX0_SNR=38, TX1_SNR=33, RX1_SNR=35

142207 [INFO] [CONFIG] Antenna4: TX0_SNR=42, RX0_SNR=44, TX1_SNR=41, RX1_SNR=45

142208 [INFO] [CONFIG] Antenna5: TX0_SNR=44, RX0_SNR=-2, TX1_SNR=43, RX1_SNR=-7

142209 [INFO] [CONFIG] Antenna6: TX0_SNR=26, RX0_SNR=36, TX1_SNR=37, RX1_SNR=35

142210 [INFO] [CONFIG] Antenna7: TX0_SNR=37, RX0_SNR=36, TX1_SNR=24, RX1_SNR=35

142211 [INFO] [CONFIG] Valid SNR count: 27 (threshold: 32)

142232 [INFO] [CONFIG] === ACM SNR values ===

142232 [INFO] [CONFIG] Antenna0: TX0_SNR=37, RX0_SNR=36, TX1_SNR=35, RX1_SNR=34

142233 [INFO] [CONFIG] Antenna1: TX0_SNR=39, RX0_SNR=33, TX1_SNR=37, RX1_SNR=32

142234 [INFO] [CONFIG] Antenna2: TX0_SNR=37, RX0_SNR=33, TX1_SNR=35, RX1_SNR=33

142235 [INFO] [CONFIG] Antenna3: TX0_SNR=36, RX0_SNR=36, TX1_SNR=34, RX1_SNR=36

142236 [INFO] [CONFIG] Antenna4: TX0_SNR=44, RX0_SNR=44, TX1_SNR=41, RX1_SNR=42

142237 [INFO] [CONFIG] Antenna5: TX0_SNR=46, RX0_SNR=-1, TX1_SNR=43, RX1_SNR=-13

142239 [INFO] [CONFIG] Antenna6: TX0_SNR=27, RX0_SNR=37, TX1_SNR=38, RX1_SNR=35

142240 [INFO] [CONFIG] Antenna7: TX0_SNR=39, RX0_SNR=36, TX1_SNR=24, RX1_SNR=35

142241 [INFO] [CONFIG] Valid SNR count: 28 (threshold: 32)

142261 [INFO] [CONFIG] === ACM SNR values ===

142262 [INFO] [CONFIG] Antenna0: TX0_SNR=35, RX0_SNR=36, TX1_SNR=34, RX1_SNR=35

142263 [INFO] [CONFIG] Antenna1: TX0_SNR=37, RX0_SNR=33, TX1_SNR=36, RX1_SNR=33

142264 [INFO] [CONFIG] Antenna2: TX0_SNR=35, RX0_SNR=35, TX1_SNR=34, RX1_SNR=33

142265 [INFO] [CONFIG] Antenna3: TX0_SNR=34, RX0_SNR=37, TX1_SNR=33, RX1_SNR=34

142266 [INFO] [CONFIG] Antenna4: TX0_SNR=41, RX0_SNR=43, TX1_SNR=40, RX1_SNR=41

142267 [INFO] [CONFIG] Antenna5: TX0_SNR=43, RX0_SNR=-1, TX1_SNR=42, RX1_SNR=-6

142268 [INFO] [CONFIG] Antenna6: TX0_SNR=25, RX0_SNR=35, TX1_SNR=36, RX1_SNR=38

142269 [INFO] [CONFIG] Antenna7: TX0_SNR=36, RX0_SNR=35, TX1_SNR=23, RX1_SNR=34

142270 [INFO] [CONFIG] Valid SNR count: 28 (threshold: 32)

142291 [INFO] [CONFIG] === ACM SNR values ===

142292 [INFO] [CONFIG] Antenna0: TX0_SNR=38, RX0_SNR=34, TX1_SNR=37, RX1_SNR=33

142293 [INFO] [CONFIG] Antenna1: TX0_SNR=40, RX0_SNR=38, TX1_SNR=39, RX1_SNR=32

142294 [INFO] [CONFIG] Antenna2: TX0_SNR=38, RX0_SNR=34, TX1_SNR=36, RX1_SNR=32

142295 [INFO] [CONFIG] Antenna3: TX0_SNR=37, RX0_SNR=37, TX1_SNR=35, RX1_SNR=34

142296 [INFO] [CONFIG] Antenna4: TX0_SNR=45, RX0_SNR=44, TX1_SNR=43, RX1_SNR=43

142297 [INFO] [CONFIG] Antenna5: TX0_SNR=46, RX0_SNR=-2, TX1_SNR=45, RX1_SNR=-8

142298 [INFO] [CONFIG] Antenna6: TX0_SNR=28, RX0_SNR=38, TX1_SNR=39, RX1_SNR=36

142299 [INFO] [CONFIG] Antenna7: TX0_SNR=39, RX0_SNR=38, TX1_SNR=26, RX1_SNR=37

142300 [INFO] [CONFIG] Valid SNR count: 28 (threshold: 32)

142321 [INFO] [CONFIG] === ACM SNR values ===

142321 [INFO] [CONFIG] Antenna0: TX0_SNR=39, RX0_SNR=36, TX1_SNR=38, RX1_SNR=34

142322 [INFO] [CONFIG] Antenna1: TX0_SNR=41, RX0_SNR=34, TX1_SNR=40, RX1_SNR=34

142323 [INFO] [CONFIG] Antenna2: TX0_SNR=39, RX0_SNR=36, TX1_SNR=38, RX1_SNR=36

142324 [INFO] [CONFIG] Antenna3: TX0_SNR=38, RX0_SNR=39, TX1_SNR=37, RX1_SNR=38

142325 [INFO] [CONFIG] Antenna4: TX0_SNR=46, RX0_SNR=43, TX1_SNR=44, RX1_SNR=43

142326 [INFO] [CONFIG] Antenna5: TX0_SNR=48, RX0_SNR=-3, TX1_SNR=46, RX1_SNR=-7

142327 [INFO] [CONFIG] Antenna6: TX0_SNR=27, RX0_SNR=39, TX1_SNR=41, RX1_SNR=37

142328 [INFO] [CONFIG] Antenna7: TX0_SNR=41, RX0_SNR=40, TX1_SNR=25, RX1_SNR=38

142329 [INFO] [CONFIG] Valid SNR count: 28 (threshold: 32)

142350 [INFO] [CONFIG] === ACM SNR values ===

142351 [INFO] [CONFIG] Antenna0: TX0_SNR=38, RX0_SNR=35, TX1_SNR=36, RX1_SNR=36

142352 [INFO] [CONFIG] Antenna1: TX0_SNR=40, RX0_SNR=34, TX1_SNR=39, RX1_SNR=34

142353 [INFO] [CONFIG] Antenna2: TX0_SNR=37, RX0_SNR=35, TX1_SNR=36, RX1_SNR=35

142354 [INFO] [CONFIG] Antenna3: TX0_SNR=36, RX0_SNR=36, TX1_SNR=35, RX1_SNR=38

142355 [INFO] [CONFIG] Antenna4: TX0_SNR=44, RX0_SNR=43, TX1_SNR=43, RX1_SNR=44

142356 [INFO] [CONFIG] Antenna5: TX0_SNR=46, RX0_SNR=-3, TX1_SNR=45, RX1_SNR=-5

142357 [INFO] [CONFIG] Antenna6: TX0_SNR=26, RX0_SNR=38, TX1_SNR=39, RX1_SNR=39

142358 [INFO] [CONFIG] Antenna7: TX0_SNR=39, RX0_SNR=37, TX1_SNR=24, RX1_SNR=36

142359 [INFO] [CONFIG] Valid SNR count: 28 (threshold: 32)

142380 [INFO] [CONFIG] === ACM SNR values ===

142380 [INFO] [CONFIG] Antenna0: TX0_SNR=40, RX0_SNR=38, TX1_SNR=39, RX1_SNR=37

142381 [INFO] [CONFIG] Antenna1: TX0_SNR=42, RX0_SNR=36, TX1_SNR=42, RX1_SNR=35

142382 [INFO] [CONFIG] Antenna2: TX0_SNR=39, RX0_SNR=37, TX1_SNR=39, RX1_SNR=34

142383 [INFO] [CONFIG] Antenna3: TX0_SNR=39, RX0_SNR=39, TX1_SNR=39, RX1_SNR=39

142384 [INFO] [CONFIG] Antenna4: TX0_SNR=46, RX0_SNR=43, TX1_SNR=46, RX1_SNR=44

142385 [INFO] [CONFIG] Antenna5: TX0_SNR=48, RX0_SNR=0, TX1_SNR=48, RX1_SNR=-11

142386 [INFO] [CONFIG] Antenna6: TX0_SNR=28, RX0_SNR=40, TX1_SNR=42, RX1_SNR=37

142387 [INFO] [CONFIG] Antenna7: TX0_SNR=41, RX0_SNR=38, TX1_SNR=27, RX1_SNR=39

142388 [INFO] [CONFIG] Valid SNR count: 28 (threshold: 32)

142409 [INFO] [CONFIG] === ACM SNR values ===

142410 [INFO] [CONFIG] Antenna0: TX0_SNR=42, RX0_SNR=37, TX1_SNR=38, RX1_SNR=38

142411 [INFO] [CONFIG] Antenna1: TX0_SNR=44, RX0_SNR=36, TX1_SNR=40, RX1_SNR=36

142412 [INFO] [CONFIG] Antenna2: TX0_SNR=41, RX0_SNR=36, TX1_SNR=37, RX1_SNR=35

142413 [INFO] [CONFIG] Antenna3: TX0_SNR=41, RX0_SNR=39, TX1_SNR=36, RX1_SNR=36

142414 [INFO] [CONFIG] Antenna4: TX0_SNR=48, RX0_SNR=42, TX1_SNR=44, RX1_SNR=44

142415 [INFO] [CONFIG] Antenna5: TX0_SNR=50, RX0_SNR=-2, TX1_SNR=46, RX1_SNR=-8

142416 [INFO] [CONFIG] Antenna6: TX0_SNR=30, RX0_SNR=42, TX1_SNR=40, RX1_SNR=38

142417 [INFO] [CONFIG] Antenna7: TX0_SNR=43, RX0_SNR=41, TX1_SNR=25, RX1_SNR=38

142418 [INFO] [CONFIG] Valid SNR count: 28 (threshold: 32)

142439 [INFO] [CONFIG] === ACM SNR values ===

142439 [INFO] [CONFIG] Antenna0: TX0_SNR=38, RX0_SNR=35, TX1_SNR=37, RX1_SNR=37

142440 [INFO] [CONFIG] Antenna1: TX0_SNR=41, RX0_SNR=36, TX1_SNR=40, RX1_SNR=35

142441 [INFO] [CONFIG] Antenna2: TX0_SNR=38, RX0_SNR=35, TX1_SNR=37, RX1_SNR=33

142442 [INFO] [CONFIG] Antenna3: TX0_SNR=38, RX0_SNR=39, TX1_SNR=36, RX1_SNR=39

142443 [INFO] [CONFIG] Antenna4: TX0_SNR=45, RX0_SNR=43, TX1_SNR=44, RX1_SNR=42

142444 [INFO] [CONFIG] Antenna5: TX0_SNR=47, RX0_SNR=-1, TX1_SNR=46, RX1_SNR=-6

142445 [INFO] [CONFIG] Antenna6: TX0_SNR=27, RX0_SNR=38, TX1_SNR=40, RX1_SNR=36

142446 [INFO] [CONFIG] Antenna7: TX0_SNR=40, RX0_SNR=38, TX1_SNR=25, RX1_SNR=37

142447 [INFO] [CONFIG] Valid SNR count: 28 (threshold: 32)

142468 [INFO] [CONFIG] === ACM SNR values ===

142469 [INFO] [CONFIG] Antenna0: TX0_SNR=35, RX0_SNR=35, TX1_SNR=35, RX1_SNR=38

142470 [INFO] [CONFIG] Antenna1: TX0_SNR=37, RX0_SNR=37, TX1_SNR=37, RX1_SNR=33

142471 [INFO] [CONFIG] Antenna2: TX0_SNR=35, RX0_SNR=37, TX1_SNR=35, RX1_SNR=34

142472 [INFO] [CONFIG] Antenna3: TX0_SNR=34, RX0_SNR=39, TX1_SNR=34, RX1_SNR=35

142473 [INFO] [CONFIG] Antenna4: TX0_SNR=42, RX0_SNR=40, TX1_SNR=42, RX1_SNR=43

142474 [INFO] [CONFIG] Antenna5: TX0_SNR=43, RX0_SNR=-2, TX1_SNR=44, RX1_SNR=-5

142475 [INFO] [CONFIG] Antenna6: TX0_SNR=22, RX0_SNR=35, TX1_SNR=38, RX1_SNR=37

142476 [INFO] [CONFIG] Antenna7: TX0_SNR=36, RX0_SNR=39, TX1_SNR=21, RX1_SNR=35

142477 [INFO] [CONFIG] Valid SNR count: 28 (threshold: 32)

142498 [INFO] [CONFIG] === ACM SNR values ===

142498 [INFO] [CONFIG] Antenna0: TX0_SNR=38, RX0_SNR=35, TX1_SNR=39, RX1_SNR=35

142499 [INFO] [CONFIG] Antenna1: TX0_SNR=40, RX0_SNR=37, TX1_SNR=41, RX1_SNR=37

142500 [INFO] [CONFIG] Antenna2: TX0_SNR=37, RX0_SNR=37, TX1_SNR=39, RX1_SNR=34

142501 [INFO] [CONFIG] Antenna3: TX0_SNR=37, RX0_SNR=38, TX1_SNR=38, RX1_SNR=37

142502 [INFO] [CONFIG] Antenna4: TX0_SNR=44, RX0_SNR=41, TX1_SNR=45, RX1_SNR=44

142503 [INFO] [CONFIG] Antenna5: TX0_SNR=46, RX0_SNR=0, TX1_SNR=47, RX1_SNR=-6

142504 [INFO] [CONFIG] Antenna6: TX0_SNR=24, RX0_SNR=38, TX1_SNR=42, RX1_SNR=37

142505 [INFO] [CONFIG] Antenna7: TX0_SNR=39, RX0_SNR=39, TX1_SNR=25, RX1_SNR=39

142506 [INFO] [CONFIG] Valid SNR count: 28 (threshold: 32)

142527 [INFO] [CONFIG] === ACM SNR values ===

142528 [INFO] [CONFIG] Antenna0: TX0_SNR=38, RX0_SNR=42, TX1_SNR=37, RX1_SNR=36

142529 [INFO] [CONFIG] Antenna1: TX0_SNR=40, RX0_SNR=38, TX1_SNR=40, RX1_SNR=36

142530 [INFO] [CONFIG] Antenna2: TX0_SNR=38, RX0_SNR=36, TX1_SNR=37, RX1_SNR=35

142531 [INFO] [CONFIG] Antenna3: TX0_SNR=37, RX0_SNR=40, TX1_SNR=36, RX1_SNR=37

142532 [INFO] [CONFIG] Antenna4: TX0_SNR=44, RX0_SNR=40, TX1_SNR=44, RX1_SNR=43

142533 [INFO] [CONFIG] Antenna5: TX0_SNR=46, RX0_SNR=-5, TX1_SNR=46, RX1_SNR=-8

142534 [INFO] [CONFIG] Antenna6: TX0_SNR=24, RX0_SNR=38, TX1_SNR=40, RX1_SNR=39

142535 [INFO] [CONFIG] Antenna7: TX0_SNR=39, RX0_SNR=42, TX1_SNR=23, RX1_SNR=37

142536 [INFO] [CONFIG] Valid SNR count: 28 (threshold: 32)

142557 [INFO] [CONFIG] === ACM SNR values ===

142557 [INFO] [CONFIG] Antenna0: TX0_SNR=38, RX0_SNR=36, TX1_SNR=35, RX1_SNR=35

142558 [INFO] [CONFIG] Antenna1: TX0_SNR=40, RX0_SNR=35, TX1_SNR=37, RX1_SNR=38

142559 [INFO] [CONFIG] Antenna2: TX0_SNR=37, RX0_SNR=39, TX1_SNR=35, RX1_SNR=36

142560 [INFO] [CONFIG] Antenna3: TX0_SNR=37, RX0_SNR=38, TX1_SNR=34, RX1_SNR=39

142561 [INFO] [CONFIG] Antenna4: TX0_SNR=44, RX0_SNR=40, TX1_SNR=42, RX1_SNR=45

142562 [INFO] [CONFIG] Antenna5: TX0_SNR=46, RX0_SNR=-5, TX1_SNR=44, RX1_SNR=-16

142563 [INFO] [CONFIG] Antenna6: TX0_SNR=24, RX0_SNR=38, TX1_SNR=38, RX1_SNR=40

142564 [INFO] [CONFIG] Antenna7: TX0_SNR=39, RX0_SNR=39, TX1_SNR=21, RX1_SNR=35

142565 [INFO] [CONFIG] Valid SNR count: 28 (threshold: 32)

142586 [INFO] [CONFIG] === ACM SNR values ===

142587 [INFO] [CONFIG] Antenna0: TX0_SNR=38, RX0_SNR=40, TX1_SNR=39, RX1_SNR=36

142588 [INFO] [CONFIG] Antenna1: TX0_SNR=40, RX0_SNR=36, TX1_SNR=41, RX1_SNR=38

142589 [INFO] [CONFIG] Antenna2: TX0_SNR=38, RX0_SNR=38, TX1_SNR=39, RX1_SNR=41

142590 [INFO] [CONFIG] Antenna3: TX0_SNR=37, RX0_SNR=39, TX1_SNR=38, RX1_SNR=40

142591 [INFO] [CONFIG] Antenna4: TX0_SNR=44, RX0_SNR=42, TX1_SNR=45, RX1_SNR=45

142592 [INFO] [CONFIG] Antenna5: TX0_SNR=46, RX0_SNR=-4, TX1_SNR=47, RX1_SNR=-12

142593 [INFO] [CONFIG] Antenna6: TX0_SNR=24, RX0_SNR=38, TX1_SNR=42, RX1_SNR=40

142594 [INFO] [CONFIG] Antenna7: TX0_SNR=39, RX0_SNR=40, TX1_SNR=25, RX1_SNR=39

142595 [INFO] [CONFIG] Valid SNR count: 28 (threshold: 32)

142616 [INFO] [CONFIG] === ACM SNR values ===

142616 [INFO] [CONFIG] Antenna0: TX0_SNR=38, RX0_SNR=37, TX1_SNR=37, RX1_SNR=40

142617 [INFO] [CONFIG] Antenna1: TX0_SNR=40, RX0_SNR=37, TX1_SNR=39, RX1_SNR=38

142618 [INFO] [CONFIG] Antenna2: TX0_SNR=37, RX0_SNR=37, TX1_SNR=37, RX1_SNR=38

142619 [INFO] [CONFIG] Antenna3: TX0_SNR=37, RX0_SNR=40, TX1_SNR=36, RX1_SNR=38

142620 [INFO] [CONFIG] Antenna4: TX0_SNR=44, RX0_SNR=40, TX1_SNR=43, RX1_SNR=44

142621 [INFO] [CONFIG] Antenna5: TX0_SNR=46, RX0_SNR=-3, TX1_SNR=45, RX1_SNR=-18

142622 [INFO] [CONFIG] Antenna6: TX0_SNR=23, RX0_SNR=38, TX1_SNR=40, RX1_SNR=39

142623 [INFO] [CONFIG] Antenna7: TX0_SNR=39, RX0_SNR=38, TX1_SNR=21, RX1_SNR=37

142624 [INFO] [CONFIG] Valid SNR count: 28 (threshold: 32)

142645 [INFO] [CONFIG] === ACM SNR values ===

142646 [INFO] [CONFIG] Antenna0: TX0_SNR=37, RX0_SNR=38, TX1_SNR=37, RX1_SNR=38

142647 [INFO] [CONFIG] Antenna1: TX0_SNR=39, RX0_SNR=37, TX1_SNR=39, RX1_SNR=37

142648 [INFO] [CONFIG] Antenna2: TX0_SNR=36, RX0_SNR=39, TX1_SNR=37, RX1_SNR=38

142649 [INFO] [CONFIG] Antenna3: TX0_SNR=36, RX0_SNR=38, TX1_SNR=36, RX1_SNR=38

142650 [INFO] [CONFIG] Antenna4: TX0_SNR=43, RX0_SNR=41, TX1_SNR=43, RX1_SNR=43

142651 [INFO] [CONFIG] Antenna5: TX0_SNR=45, RX0_SNR=-4, TX1_SNR=45, RX1_SNR=-17

142652 [INFO] [CONFIG] Antenna6: TX0_SNR=22, RX0_SNR=37, TX1_SNR=40, RX1_SNR=41

142653 [INFO] [CONFIG] Antenna7: TX0_SNR=38, RX0_SNR=41, TX1_SNR=21, RX1_SNR=37

142654 [INFO] [CONFIG] Valid SNR count: 28 (threshold: 32)

142675 [INFO] [CONFIG] === ACM SNR values ===

142675 [INFO] [CONFIG] Antenna0: TX0_SNR=37, RX0_SNR=37, TX1_SNR=35, RX1_SNR=38

142676 [INFO] [CONFIG] Antenna1: TX0_SNR=39, RX0_SNR=37, TX1_SNR=37, RX1_SNR=39

142677 [INFO] [CONFIG] Antenna2: TX0_SNR=36, RX0_SNR=40, TX1_SNR=35, RX1_SNR=40

142678 [INFO] [CONFIG] Antenna3: TX0_SNR=36, RX0_SNR=39, TX1_SNR=34, RX1_SNR=43

142679 [INFO] [CONFIG] Antenna4: TX0_SNR=43, RX0_SNR=41, TX1_SNR=41, RX1_SNR=43

142680 [INFO] [CONFIG] Antenna5: TX0_SNR=45, RX0_SNR=-2, TX1_SNR=43, RX1_SNR=-11

142681 [INFO] [CONFIG] Antenna6: TX0_SNR=22, RX0_SNR=37, TX1_SNR=38, RX1_SNR=43

142682 [INFO] [CONFIG] Antenna7: TX0_SNR=38, RX0_SNR=38, TX1_SNR=19, RX1_SNR=35

142683 [INFO] [CONFIG] Valid SNR count: 28 (threshold: 32)

142704 [INFO] [CONFIG] === ACM SNR values ===

142705 [INFO] [CONFIG] Antenna0: TX0_SNR=36, RX0_SNR=40, TX1_SNR=39, RX1_SNR=38

142706 [INFO] [CONFIG] Antenna1: TX0_SNR=38, RX0_SNR=36, TX1_SNR=41, RX1_SNR=35

142707 [INFO] [CONFIG] Antenna2: TX0_SNR=36, RX0_SNR=36, TX1_SNR=39, RX1_SNR=37

142708 [INFO] [CONFIG] Antenna3: TX0_SNR=35, RX0_SNR=38, TX1_SNR=38, RX1_SNR=38

142709 [INFO] [CONFIG] Antenna4: TX0_SNR=42, RX0_SNR=40, TX1_SNR=45, RX1_SNR=43

142710 [INFO] [CONFIG] Antenna5: TX0_SNR=44, RX0_SNR=-10, TX1_SNR=47, RX1_SNR=-19

142711 [INFO] [CONFIG] Antenna6: TX0_SNR=21, RX0_SNR=36, TX1_SNR=42, RX1_SNR=37

142712 [INFO] [CONFIG] Antenna7: TX0_SNR=37, RX0_SNR=39, TX1_SNR=23, RX1_SNR=39

142713 [INFO] [CONFIG] Valid SNR count: 28 (threshold: 32)

142734 [INFO] [CONFIG] === ACM SNR values ===

142735 [INFO] [CONFIG] Antenna0: TX0_SNR=37, RX0_SNR=40, TX1_SNR=37, RX1_SNR=40

142736 [INFO] [CONFIG] Antenna1: TX0_SNR=40, RX0_SNR=38, TX1_SNR=39, RX1_SNR=38

142737 [INFO] [CONFIG] Antenna2: TX0_SNR=37, RX0_SNR=37, TX1_SNR=36, RX1_SNR=38

142738 [INFO] [CONFIG] Antenna3: TX0_SNR=36, RX0_SNR=38, TX1_SNR=36, RX1_SNR=39

142739 [INFO] [CONFIG] Antenna4: TX0_SNR=44, RX0_SNR=40, TX1_SNR=43, RX1_SNR=46

142740 [INFO] [CONFIG] Antenna5: TX0_SNR=46, RX0_SNR=-5, TX1_SNR=45, RX1_SNR=-8

142741 [INFO] [CONFIG] Antenna6: TX0_SNR=23, RX0_SNR=37, TX1_SNR=39, RX1_SNR=39

142742 [INFO] [CONFIG] Antenna7: TX0_SNR=39, RX0_SNR=40, TX1_SNR=21, RX1_SNR=37

142743 [INFO] [CONFIG] Valid SNR count: 28 (threshold: 32)

142764 [INFO] [CONFIG] === ACM SNR values ===

142764 [INFO] [CONFIG] Antenna0: TX0_SNR=37, RX0_SNR=36, TX1_SNR=36, RX1_SNR=36

142765 [INFO] [CONFIG] Antenna1: TX0_SNR=39, RX0_SNR=37, TX1_SNR=38, RX1_SNR=41

142766 [INFO] [CONFIG] Antenna2: TX0_SNR=37, RX0_SNR=39, TX1_SNR=35, RX1_SNR=38

142767 [INFO] [CONFIG] Antenna3: TX0_SNR=36, RX0_SNR=39, TX1_SNR=35, RX1_SNR=38

142768 [INFO] [CONFIG] Antenna4: TX0_SNR=43, RX0_SNR=38, TX1_SNR=42, RX1_SNR=43

142769 [INFO] [CONFIG] Antenna5: TX0_SNR=45, RX0_SNR=-9, TX1_SNR=44, RX1_SNR=-17

142770 [INFO] [CONFIG] Antenna6: TX0_SNR=21, RX0_SNR=37, TX1_SNR=38, RX1_SNR=39

142771 [INFO] [CONFIG] Antenna7: TX0_SNR=38, RX0_SNR=37, TX1_SNR=19, RX1_SNR=36

142772 [INFO] [CONFIG] Valid SNR count: 28 (threshold: 32)

142793 [INFO] [CONFIG] === ACM SNR values ===

142794 [INFO] [CONFIG] Antenna0: TX0_SNR=36, RX0_SNR=37, TX1_SNR=37, RX1_SNR=39

142795 [INFO] [CONFIG] Antenna1: TX0_SNR=39, RX0_SNR=36, TX1_SNR=40, RX1_SNR=38

142796 [INFO] [CONFIG] Antenna2: TX0_SNR=36, RX0_SNR=38, TX1_SNR=37, RX1_SNR=39

142797 [INFO] [CONFIG] Antenna3: TX0_SNR=36, RX0_SNR=38, TX1_SNR=36, RX1_SNR=39

142798 [INFO] [CONFIG] Antenna4: TX0_SNR=43, RX0_SNR=39, TX1_SNR=44, RX1_SNR=44

142799 [INFO] [CONFIG] Antenna5: TX0_SNR=45, RX0_SNR=-6, TX1_SNR=46, RX1_SNR=-17

142800 [INFO] [CONFIG] Antenna6: TX0_SNR=21, RX0_SNR=36, TX1_SNR=40, RX1_SNR=42

142801 [INFO] [CONFIG] Antenna7: TX0_SNR=38, RX0_SNR=39, TX1_SNR=21, RX1_SNR=37

142802 [INFO] [CONFIG] Valid SNR count: 28 (threshold: 32)

142823 [INFO] [CONFIG] === ACM SNR values ===

142823 [INFO] [CONFIG] Antenna0: TX0_SNR=37, RX0_SNR=36, TX1_SNR=37, RX1_SNR=37

142824 [INFO] [CONFIG] Antenna1: TX0_SNR=39, RX0_SNR=37, TX1_SNR=40, RX1_SNR=37

142825 [INFO] [CONFIG] Antenna2: TX0_SNR=37, RX0_SNR=37, TX1_SNR=37, RX1_SNR=38

142826 [INFO] [CONFIG] Antenna3: TX0_SNR=36, RX0_SNR=39, TX1_SNR=36, RX1_SNR=40

142827 [INFO] [CONFIG] Antenna4: TX0_SNR=43, RX0_SNR=39, TX1_SNR=44, RX1_SNR=42

142828 [INFO] [CONFIG] Antenna5: TX0_SNR=45, RX0_SNR=-5, TX1_SNR=46, RX1_SNR=-10

142829 [INFO] [CONFIG] Antenna6: TX0_SNR=21, RX0_SNR=37, TX1_SNR=40, RX1_SNR=41

142830 [INFO] [CONFIG] Antenna7: TX0_SNR=38, RX0_SNR=39, TX1_SNR=21, RX1_SNR=37

142831 [INFO] [CONFIG] Valid SNR count: 28 (threshold: 32)

142852 [INFO] [CONFIG] === ACM SNR values ===

142853 [INFO] [CONFIG] Antenna0: TX0_SNR=38, RX0_SNR=36, TX1_SNR=37, RX1_SNR=37

142854 [INFO] [CONFIG] Antenna1: TX0_SNR=40, RX0_SNR=35, TX1_SNR=39, RX1_SNR=38

142855 [INFO] [CONFIG] Antenna2: TX0_SNR=37, RX0_SNR=38, TX1_SNR=37, RX1_SNR=37

142856 [INFO] [CONFIG] Antenna3: TX0_SNR=37, RX0_SNR=37, TX1_SNR=36, RX1_SNR=42

142857 [INFO] [CONFIG] Antenna4: TX0_SNR=44, RX0_SNR=39, TX1_SNR=44, RX1_SNR=43

142858 [INFO] [CONFIG] Antenna5: TX0_SNR=46, RX0_SNR=-3, TX1_SNR=46, RX1_SNR=-18

142859 [INFO] [CONFIG] Antenna6: TX0_SNR=22, RX0_SNR=38, TX1_SNR=40, RX1_SNR=40

142860 [INFO] [CONFIG] Antenna7: TX0_SNR=39, RX0_SNR=40, TX1_SNR=20, RX1_SNR=37

142861 [INFO] [CONFIG] Valid SNR count: 28 (threshold: 32)

142882 [INFO] [CONFIG] === ACM SNR values ===

142882 [INFO] [CONFIG] Antenna0: TX0_SNR=36, RX0_SNR=37, TX1_SNR=37, RX1_SNR=39

142883 [INFO] [CONFIG] Antenna1: TX0_SNR=39, RX0_SNR=38, TX1_SNR=39, RX1_SNR=38

142884 [INFO] [CONFIG] Antenna2: TX0_SNR=36, RX0_SNR=38, TX1_SNR=37, RX1_SNR=40

142885 [INFO] [CONFIG] Antenna3: TX0_SNR=36, RX0_SNR=40, TX1_SNR=36, RX1_SNR=40

142886 [INFO] [CONFIG] Antenna4: TX0_SNR=43, RX0_SNR=40, TX1_SNR=44, RX1_SNR=42

142887 [INFO] [CONFIG] Antenna5: TX0_SNR=45, RX0_SNR=-9, TX1_SNR=45, RX1_SNR=-4

142888 [INFO] [CONFIG] Antenna6: TX0_SNR=21, RX0_SNR=36, TX1_SNR=40, RX1_SNR=40

142889 [INFO] [CONFIG] Antenna7: TX0_SNR=38, RX0_SNR=40, TX1_SNR=20, RX1_SNR=37

142890 [INFO] [CONFIG] Valid SNR count: 28 (threshold: 32)

142911 [INFO] [CONFIG] === ACM SNR values ===

142912 [INFO] [CONFIG] Antenna0: TX0_SNR=36, RX0_SNR=38, TX1_SNR=35, RX1_SNR=38

142913 [INFO] [CONFIG] Antenna1: TX0_SNR=38, RX0_SNR=37, TX1_SNR=38, RX1_SNR=38

142914 [INFO] [CONFIG] Antenna2: TX0_SNR=36, RX0_SNR=35, TX1_SNR=35, RX1_SNR=36

142915 [INFO] [CONFIG] Antenna3: TX0_SNR=35, RX0_SNR=37, TX1_SNR=35, RX1_SNR=40

142916 [INFO] [CONFIG] Antenna4: TX0_SNR=43, RX0_SNR=38, TX1_SNR=42, RX1_SNR=41

142917 [INFO] [CONFIG] Antenna5: TX0_SNR=44, RX0_SNR=-2, TX1_SNR=44, RX1_SNR=1

142918 [INFO] [CONFIG] Antenna6: TX0_SNR=19, RX0_SNR=36, TX1_SNR=38, RX1_SNR=39

142919 [INFO] [CONFIG] Antenna7: TX0_SNR=37, RX0_SNR=38, TX1_SNR=18, RX1_SNR=35

142920 [INFO] [CONFIG] Valid SNR count: 28 (threshold: 32)

142941 [INFO] [CONFIG] === ACM SNR values ===

142941 [INFO] [CONFIG] Antenna0: TX0_SNR=35, RX0_SNR=38, TX1_SNR=37, RX1_SNR=41

142942 [INFO] [CONFIG] Antenna1: TX0_SNR=37, RX0_SNR=39, TX1_SNR=39, RX1_SNR=36

142943 [INFO] [CONFIG] Antenna2: TX0_SNR=35, RX0_SNR=35, TX1_SNR=37, RX1_SNR=37

142944 [INFO] [CONFIG] Antenna3: TX0_SNR=34, RX0_SNR=37, TX1_SNR=36, RX1_SNR=40

142945 [INFO] [CONFIG] Antenna4: TX0_SNR=41, RX0_SNR=38, TX1_SNR=43, RX1_SNR=40

142946 [INFO] [CONFIG] Antenna5: TX0_SNR=43, RX0_SNR=-1, TX1_SNR=45, RX1_SNR=-7

142947 [INFO] [CONFIG] Antenna6: TX0_SNR=18, RX0_SNR=35, TX1_SNR=40, RX1_SNR=40

142948 [INFO] [CONFIG] Antenna7: TX0_SNR=36, RX0_SNR=39, TX1_SNR=19, RX1_SNR=37

142949 [INFO] [CONFIG] Valid SNR count: 28 (threshold: 32)

142970 [INFO] [CONFIG] === ACM SNR values ===

142971 [INFO] [CONFIG] Antenna0: TX0_SNR=36, RX0_SNR=36, TX1_SNR=35, RX1_SNR=38

142972 [INFO] [CONFIG] Antenna1: TX0_SNR=38, RX0_SNR=37, TX1_SNR=37, RX1_SNR=37

142973 [INFO] [CONFIG] Antenna2: TX0_SNR=36, RX0_SNR=38, TX1_SNR=35, RX1_SNR=39

142974 [INFO] [CONFIG] Antenna3: TX0_SNR=35, RX0_SNR=39, TX1_SNR=34, RX1_SNR=41

142975 [INFO] [CONFIG] Antenna4: TX0_SNR=42, RX0_SNR=38, TX1_SNR=42, RX1_SNR=41

142976 [INFO] [CONFIG] Antenna5: TX0_SNR=44, RX0_SNR=-3, TX1_SNR=44, RX1_SNR=-5

142977 [INFO] [CONFIG] Antenna6: TX0_SNR=19, RX0_SNR=36, TX1_SNR=38, RX1_SNR=40

142978 [INFO] [CONFIG] Antenna7: TX0_SNR=37, RX0_SNR=39, TX1_SNR=17, RX1_SNR=35

142979 [INFO] [CONFIG] Valid SNR count: 28 (threshold: 32)

143000 [INFO] [CONFIG] === ACM SNR values ===

143000 [INFO] [CONFIG] Antenna0: TX0_SNR=38, RX0_SNR=36, TX1_SNR=34, RX1_SNR=37

143001 [INFO] [CONFIG] Antenna1: TX0_SNR=40, RX0_SNR=36, TX1_SNR=36, RX1_SNR=36

143002 [INFO] [CONFIG] Antenna2: TX0_SNR=38, RX0_SNR=37, TX1_SNR=34, RX1_SNR=35

143003 [INFO] [CONFIG] Antenna3: TX0_SNR=37, RX0_SNR=38, TX1_SNR=33, RX1_SNR=40

143004 [INFO] [CONFIG] Antenna4: TX0_SNR=45, RX0_SNR=38, TX1_SNR=41, RX1_SNR=41

143005 [INFO] [CONFIG] Antenna5: TX0_SNR=46, RX0_SNR=0, TX1_SNR=43, RX1_SNR=-11

143006 [INFO] [CONFIG] Antenna6: TX0_SNR=21, RX0_SNR=38, TX1_SNR=37, RX1_SNR=40

143007 [INFO] [CONFIG] Antenna7: TX0_SNR=39, RX0_SNR=38, TX1_SNR=16, RX1_SNR=34

143008 [INFO] [CONFIG] Valid SNR count: 28 (threshold: 32)

143029 [INFO] [CONFIG] === ACM SNR values ===

143030 [INFO] [CONFIG] Antenna0: TX0_SNR=36, RX0_SNR=38, TX1_SNR=36, RX1_SNR=41

143031 [INFO] [CONFIG] Antenna1: TX0_SNR=38, RX0_SNR=35, TX1_SNR=39, RX1_SNR=41

143032 [INFO] [CONFIG] Antenna2: TX0_SNR=36, RX0_SNR=36, TX1_SNR=36, RX1_SNR=39

143033 [INFO] [CONFIG] Antenna3: TX0_SNR=35, RX0_SNR=38, TX1_SNR=36, RX1_SNR=40

143034 [INFO] [CONFIG] Antenna4: TX0_SNR=43, RX0_SNR=37, TX1_SNR=43, RX1_SNR=42

143035 [INFO] [CONFIG] Antenna5: TX0_SNR=44, RX0_SNR=-8, TX1_SNR=45, RX1_SNR=-11

143036 [INFO] [CONFIG] Antenna6: TX0_SNR=19, RX0_SNR=36, TX1_SNR=39, RX1_SNR=38

143037 [INFO] [CONFIG] Antenna7: TX0_SNR=37, RX0_SNR=37, TX1_SNR=19, RX1_SNR=36

143038 [INFO] [CONFIG] Valid SNR count: 28 (threshold: 32)

143059 [INFO] [CONFIG] === ACM SNR values ===

143059 [INFO] [CONFIG] Antenna0: TX0_SNR=37, RX0_SNR=39, TX1_SNR=36, RX1_SNR=39

143060 [INFO] [CONFIG] Antenna1: TX0_SNR=39, RX0_SNR=37, TX1_SNR=39, RX1_SNR=37

143061 [INFO] [CONFIG] Antenna2: TX0_SNR=37, RX0_SNR=36, TX1_SNR=36, RX1_SNR=41

143062 [INFO] [CONFIG] Antenna3: TX0_SNR=36, RX0_SNR=38, TX1_SNR=35, RX1_SNR=37

143063 [INFO] [CONFIG] Antenna4: TX0_SNR=44, RX0_SNR=37, TX1_SNR=43, RX1_SNR=40

143064 [INFO] [CONFIG] Antenna5: TX0_SNR=45, RX0_SNR=2, TX1_SNR=45, RX1_SNR=-7

143065 [INFO] [CONFIG] Antenna6: TX0_SNR=19, RX0_SNR=37, TX1_SNR=39, RX1_SNR=39

143066 [INFO] [CONFIG] Antenna7: TX0_SNR=38, RX0_SNR=36, TX1_SNR=18, RX1_SNR=36

143067 [INFO] [CONFIG] Valid SNR count: 28 (threshold: 32)

143088 [INFO] [CONFIG] === ACM SNR values ===

143089 [INFO] [CONFIG] Antenna0: TX0_SNR=35, RX0_SNR=36, TX1_SNR=35, RX1_SNR=38

143090 [INFO] [CONFIG] Antenna1: TX0_SNR=38, RX0_SNR=37, TX1_SNR=37, RX1_SNR=36

143091 [INFO] [CONFIG] Antenna2: TX0_SNR=35, RX0_SNR=36, TX1_SNR=35, RX1_SNR=38

143092 [INFO] [CONFIG] Antenna3: TX0_SNR=35, RX0_SNR=38, TX1_SNR=34, RX1_SNR=39

143093 [INFO] [CONFIG] Antenna4: TX0_SNR=42, RX0_SNR=37, TX1_SNR=42, RX1_SNR=40

143094 [INFO] [CONFIG] Antenna5: TX0_SNR=44, RX0_SNR=-5, TX1_SNR=43, RX1_SNR=-15

143095 [INFO] [CONFIG] Antenna6: TX0_SNR=18, RX0_SNR=35, TX1_SNR=38, RX1_SNR=40

143096 [INFO] [CONFIG] Antenna7: TX0_SNR=37, RX0_SNR=38, TX1_SNR=16, RX1_SNR=35

143097 [INFO] [CONFIG] Valid SNR count: 28 (threshold: 32)

143118 [INFO] [CONFIG] === ACM SNR values ===

143119 [INFO] [CONFIG] Antenna0: TX0_SNR=36, RX0_SNR=35, TX1_SNR=35, RX1_SNR=36

143120 [INFO] [CONFIG] Antenna1: TX0_SNR=38, RX0_SNR=36, TX1_SNR=37, RX1_SNR=38

143121 [INFO] [CONFIG] Antenna2: TX0_SNR=36, RX0_SNR=37, TX1_SNR=34, RX1_SNR=37

143122 [INFO] [CONFIG] Antenna3: TX0_SNR=35, RX0_SNR=36, TX1_SNR=34, RX1_SNR=37

143123 [INFO] [CONFIG] Antenna4: TX0_SNR=43, RX0_SNR=37, TX1_SNR=41, RX1_SNR=40

143124 [INFO] [CONFIG] Antenna5: TX0_SNR=45, RX0_SNR=-6, TX1_SNR=43, RX1_SNR=-11

143125 [INFO] [CONFIG] Antenna6: TX0_SNR=18, RX0_SNR=36, TX1_SNR=37, RX1_SNR=39

143126 [INFO] [CONFIG] Antenna7: TX0_SNR=38, RX0_SNR=38, TX1_SNR=16, RX1_SNR=35

143127 [INFO] [CONFIG] Valid SNR count: 28 (threshold: 32)

143147 [INFO] [CONFIG] === ACM SNR values ===

143148 [INFO] [CONFIG] Antenna0: TX0_SNR=36, RX0_SNR=35, TX1_SNR=35, RX1_SNR=40

143149 [INFO] [CONFIG] Antenna1: TX0_SNR=38, RX0_SNR=38, TX1_SNR=38, RX1_SNR=43

143150 [INFO] [CONFIG] Antenna2: TX0_SNR=35, RX0_SNR=36, TX1_SNR=35, RX1_SNR=36

143151 [INFO] [CONFIG] Antenna3: TX0_SNR=35, RX0_SNR=36, TX1_SNR=34, RX1_SNR=38

143152 [INFO] [CONFIG] Antenna4: TX0_SNR=42, RX0_SNR=37, TX1_SNR=42, RX1_SNR=40

143153 [INFO] [CONFIG] Antenna5: TX0_SNR=44, RX0_SNR=0, TX1_SNR=44, RX1_SNR=-9

143154 [INFO] [CONFIG] Antenna6: TX0_SNR=18, RX0_SNR=36, TX1_SNR=38, RX1_SNR=41

143155 [INFO] [CONFIG] Antenna7: TX0_SNR=37, RX0_SNR=38, TX1_SNR=17, RX1_SNR=35

143156 [INFO] [CONFIG] Valid SNR count: 28 (threshold: 32)

143177 [INFO] [CONFIG] === ACM SNR values ===

143178 [INFO] [CONFIG] Antenna0: TX0_SNR=36, RX0_SNR=37, TX1_SNR=35, RX1_SNR=38

143179 [INFO] [CONFIG] Antenna1: TX0_SNR=38, RX0_SNR=38, TX1_SNR=37, RX1_SNR=39

143180 [INFO] [CONFIG] Antenna2: TX0_SNR=36, RX0_SNR=34, TX1_SNR=35, RX1_SNR=37

143181 [INFO] [CONFIG] Antenna3: TX0_SNR=35, RX0_SNR=38, TX1_SNR=34, RX1_SNR=38

143182 [INFO] [CONFIG] Antenna4: TX0_SNR=42, RX0_SNR=37, TX1_SNR=42, RX1_SNR=40

143183 [INFO] [CONFIG] Antenna5: TX0_SNR=44, RX0_SNR=-2, TX1_SNR=43, RX1_SNR=-12

143184 [INFO] [CONFIG] Antenna6: TX0_SNR=18, RX0_SNR=36, TX1_SNR=38, RX1_SNR=39

143185 [INFO] [CONFIG] Antenna7: TX0_SNR=37, RX0_SNR=38, TX1_SNR=16, RX1_SNR=35

143186 [INFO] [CONFIG] Valid SNR count: 28 (threshold: 32)

143207 [INFO] [CONFIG] === ACM SNR values ===

143207 [INFO] [CONFIG] Antenna0: TX0_SNR=35, RX0_SNR=34, TX1_SNR=35, RX1_SNR=38

143208 [INFO] [CONFIG] Antenna1: TX0_SNR=37, RX0_SNR=37, TX1_SNR=37, RX1_SNR=39

143209 [INFO] [CONFIG] Antenna2: TX0_SNR=34, RX0_SNR=35, TX1_SNR=35, RX1_SNR=36

143210 [INFO] [CONFIG] Antenna3: TX0_SNR=34, RX0_SNR=37, TX1_SNR=34, RX1_SNR=38

143211 [INFO] [CONFIG] Antenna4: TX0_SNR=41, RX0_SNR=37, TX1_SNR=41, RX1_SNR=40

143212 [INFO] [CONFIG] Antenna5: TX0_SNR=43, RX0_SNR=1, TX1_SNR=43, RX1_SNR=-8

143213 [INFO] [CONFIG] Antenna6: TX0_SNR=16, RX0_SNR=35, TX1_SNR=38, RX1_SNR=38

143214 [INFO] [CONFIG] Antenna7: TX0_SNR=36, RX0_SNR=37, TX1_SNR=15, RX1_SNR=35

143215 [INFO] [CONFIG] Valid SNR count: 28 (threshold: 32)

143236 [INFO] [CONFIG] === ACM SNR values ===

143237 [INFO] [CONFIG] Antenna0: TX0_SNR=34, RX0_SNR=36, TX1_SNR=35, RX1_SNR=38

143238 [INFO] [CONFIG] Antenna1: TX0_SNR=36, RX0_SNR=36, TX1_SNR=37, RX1_SNR=36

143239 [INFO] [CONFIG] Antenna2: TX0_SNR=34, RX0_SNR=37, TX1_SNR=34, RX1_SNR=38

143240 [INFO] [CONFIG] Antenna3: TX0_SNR=33, RX0_SNR=37, TX1_SNR=34, RX1_SNR=36

143241 [INFO] [CONFIG] Antenna4: TX0_SNR=41, RX0_SNR=36, TX1_SNR=41, RX1_SNR=40

143242 [INFO] [CONFIG] Antenna5: TX0_SNR=43, RX0_SNR=-1, TX1_SNR=43, RX1_SNR=-12

143243 [INFO] [CONFIG] Antenna6: TX0_SNR=16, RX0_SNR=34, TX1_SNR=37, RX1_SNR=38

143244 [INFO] [CONFIG] Antenna7: TX0_SNR=36, RX0_SNR=37, TX1_SNR=15, RX1_SNR=35

143245 [INFO] [CONFIG] Valid SNR count: 28 (threshold: 32)

143266 [INFO] [CONFIG] === ACM SNR values ===

143266 [INFO] [CONFIG] Antenna0: TX0_SNR=35, RX0_SNR=35, TX1_SNR=35, RX1_SNR=38

143267 [INFO] [CONFIG] Antenna1: TX0_SNR=37, RX0_SNR=35, TX1_SNR=37, RX1_SNR=38

143268 [INFO] [CONFIG] Antenna2: TX0_SNR=34, RX0_SNR=36, TX1_SNR=35, RX1_SNR=39

143269 [INFO] [CONFIG] Antenna3: TX0_SNR=34, RX0_SNR=37, TX1_SNR=34, RX1_SNR=40

143270 [INFO] [CONFIG] Antenna4: TX0_SNR=41, RX0_SNR=36, TX1_SNR=42, RX1_SNR=39

143271 [INFO] [CONFIG] Antenna5: TX0_SNR=43, RX0_SNR=-1, TX1_SNR=43, RX1_SNR=-10

143272 [INFO] [CONFIG] Antenna6: TX0_SNR=16, RX0_SNR=35, TX1_SNR=38, RX1_SNR=37

143273 [INFO] [CONFIG] Antenna7: TX0_SNR=36, RX0_SNR=37, TX1_SNR=16, RX1_SNR=35

143274 [INFO] [CONFIG] Valid SNR count: 28 (threshold: 32)

143295 [INFO] [CONFIG] === ACM SNR values ===

143296 [INFO] [CONFIG] Antenna0: TX0_SNR=35, RX0_SNR=37, TX1_SNR=34, RX1_SNR=39

143297 [INFO] [CONFIG] Antenna1: TX0_SNR=37, RX0_SNR=36, TX1_SNR=36, RX1_SNR=38

143298 [INFO] [CONFIG] Antenna2: TX0_SNR=35, RX0_SNR=36, TX1_SNR=33, RX1_SNR=40

143299 [INFO] [CONFIG] Antenna3: TX0_SNR=34, RX0_SNR=36, TX1_SNR=33, RX1_SNR=39

143300 [INFO] [CONFIG] Antenna4: TX0_SNR=42, RX0_SNR=36, TX1_SNR=40, RX1_SNR=39

143301 [INFO] [CONFIG] Antenna5: TX0_SNR=43, RX0_SNR=-2, TX1_SNR=42, RX1_SNR=-4

143302 [INFO] [CONFIG] Antenna6: TX0_SNR=16, RX0_SNR=35, TX1_SNR=36, RX1_SNR=39

143303 [INFO] [CONFIG] Antenna7: TX0_SNR=36, RX0_SNR=37, TX1_SNR=14, RX1_SNR=34

143304 [INFO] [CONFIG] Valid SNR count: 28 (threshold: 32)

143325 [INFO] [CONFIG] === ACM SNR values ===

143325 [INFO] [CONFIG] Antenna0: TX0_SNR=34, RX0_SNR=36, TX1_SNR=35, RX1_SNR=39

143326 [INFO] [CONFIG] Antenna1: TX0_SNR=37, RX0_SNR=37, TX1_SNR=37, RX1_SNR=36

143327 [INFO] [CONFIG] Antenna2: TX0_SNR=34, RX0_SNR=36, TX1_SNR=35, RX1_SNR=37

143328 [INFO] [CONFIG] Antenna3: TX0_SNR=33, RX0_SNR=36, TX1_SNR=34, RX1_SNR=39

143329 [INFO] [CONFIG] Antenna4: TX0_SNR=41, RX0_SNR=36, TX1_SNR=41, RX1_SNR=40

143330 [INFO] [CONFIG] Antenna5: TX0_SNR=43, RX0_SNR=0, TX1_SNR=43, RX1_SNR=-7

143331 [INFO] [CONFIG] Antenna6: TX0_SNR=16, RX0_SNR=34, TX1_SNR=38, RX1_SNR=38

143332 [INFO] [CONFIG] Antenna7: TX0_SNR=36, RX0_SNR=38, TX1_SNR=3, RX1_SNR=35

143333 [INFO] [CONFIG] Valid SNR count: 28 (threshold: 32)

143354 [INFO] [CONFIG] === ACM SNR values ===

143355 [INFO] [CONFIG] Antenna0: TX0_SNR=34, RX0_SNR=35, TX1_SNR=34, RX1_SNR=37

143356 [INFO] [CONFIG] Antenna1: TX0_SNR=37, RX0_SNR=36, TX1_SNR=36, RX1_SNR=40

143357 [INFO] [CONFIG] Antenna2: TX0_SNR=34, RX0_SNR=36, TX1_SNR=34, RX1_SNR=38

143358 [INFO] [CONFIG] Antenna3: TX0_SNR=33, RX0_SNR=35, TX1_SNR=33, RX1_SNR=39

143359 [INFO] [CONFIG] Antenna4: TX0_SNR=41, RX0_SNR=36, TX1_SNR=41, RX1_SNR=39

143360 [INFO] [CONFIG] Antenna5: TX0_SNR=43, RX0_SNR=-3, TX1_SNR=42, RX1_SNR=-7

143361 [INFO] [CONFIG] Antenna6: TX0_SNR=15, RX0_SNR=34, TX1_SNR=37, RX1_SNR=37

143362 [INFO] [CONFIG] Antenna7: TX0_SNR=36, RX0_SNR=36, TX1_SNR=14, RX1_SNR=34

143363 [INFO] [CONFIG] Valid SNR count: 28 (threshold: 32)

143384 [INFO] [CONFIG] === ACM SNR values ===

143384 [INFO] [CONFIG] Antenna0: TX0_SNR=33, RX0_SNR=35, TX1_SNR=34, RX1_SNR=38

143385 [INFO] [CONFIG] Antenna1: TX0_SNR=36, RX0_SNR=36, TX1_SNR=36, RX1_SNR=37

143386 [INFO] [CONFIG] Antenna2: TX0_SNR=33, RX0_SNR=34, TX1_SNR=34, RX1_SNR=37

143387 [INFO] [CONFIG] Antenna3: TX0_SNR=33, RX0_SNR=36, TX1_SNR=33, RX1_SNR=39

143388 [INFO] [CONFIG] Antenna4: TX0_SNR=40, RX0_SNR=36, TX1_SNR=40, RX1_SNR=39

143389 [INFO] [CONFIG] Antenna5: TX0_SNR=42, RX0_SNR=2, TX1_SNR=42, RX1_SNR=-4

143390 [INFO] [CONFIG] Antenna6: TX0_SNR=2, RX0_SNR=33, TX1_SNR=37, RX1_SNR=39

143391 [INFO] [CONFIG] Antenna7: TX0_SNR=35, RX0_SNR=37, TX1_SNR=2, RX1_SNR=34

143392 [INFO] [CONFIG] Valid SNR count: 28 (threshold: 32)

143413 [INFO] [CONFIG] === ACM SNR values ===

143414 [INFO] [CONFIG] Antenna0: TX0_SNR=34, RX0_SNR=35, TX1_SNR=33, RX1_SNR=38

143415 [INFO] [CONFIG] Antenna1: TX0_SNR=36, RX0_SNR=35, TX1_SNR=35, RX1_SNR=37

143416 [INFO] [CONFIG] Antenna2: TX0_SNR=34, RX0_SNR=35, TX1_SNR=33, RX1_SNR=35

143417 [INFO] [CONFIG] Antenna3: TX0_SNR=33, RX0_SNR=35, TX1_SNR=32, RX1_SNR=39

143418 [INFO] [CONFIG] Antenna4: TX0_SNR=41, RX0_SNR=35, TX1_SNR=39, RX1_SNR=39

143419 [INFO] [CONFIG] Antenna5: TX0_SNR=42, RX0_SNR=-2, TX1_SNR=41, RX1_SNR=-1

143420 [INFO] [CONFIG] Antenna6: TX0_SNR=15, RX0_SNR=34, TX1_SNR=36, RX1_SNR=38

143421 [INFO] [CONFIG] Antenna7: TX0_SNR=35, RX0_SNR=36, TX1_SNR=1, RX1_SNR=33

143422 [INFO] [CONFIG] Valid SNR count: 28 (threshold: 32)

143443 [INFO] [CONFIG] === ACM SNR values ===

143443 [INFO] [CONFIG] Antenna0: TX0_SNR=33, RX0_SNR=35, TX1_SNR=34, RX1_SNR=38

143444 [INFO] [CONFIG] Antenna1: TX0_SNR=36, RX0_SNR=36, TX1_SNR=37, RX1_SNR=37

143445 [INFO] [CONFIG] Antenna2: TX0_SNR=33, RX0_SNR=34, TX1_SNR=34, RX1_SNR=38

143446 [INFO] [CONFIG] Antenna3: TX0_SNR=33, RX0_SNR=36, TX1_SNR=34, RX1_SNR=39

143447 [INFO] [CONFIG] Antenna4: TX0_SNR=40, RX0_SNR=36, TX1_SNR=41, RX1_SNR=39

143448 [INFO] [CONFIG] Antenna5: TX0_SNR=42, RX0_SNR=2, TX1_SNR=43, RX1_SNR=-14

143449 [INFO] [CONFIG] Antenna6: TX0_SNR=14, RX0_SNR=33, TX1_SNR=37, RX1_SNR=38

143450 [INFO] [CONFIG] Antenna7: TX0_SNR=35, RX0_SNR=36, TX1_SNR=14, RX1_SNR=34

143451 [INFO] [CONFIG] Valid SNR count: 28 (threshold: 32)

143472 [INFO] [CONFIG] === ACM SNR values ===

143473 [INFO] [CONFIG] Antenna0: TX0_SNR=34, RX0_SNR=36, TX1_SNR=34, RX1_SNR=39

143474 [INFO] [CONFIG] Antenna1: TX0_SNR=36, RX0_SNR=34, TX1_SNR=36, RX1_SNR=37

143475 [INFO] [CONFIG] Antenna2: TX0_SNR=34, RX0_SNR=34, TX1_SNR=34, RX1_SNR=35

143476 [INFO] [CONFIG] Antenna3: TX0_SNR=33, RX0_SNR=35, TX1_SNR=33, RX1_SNR=37

143477 [INFO] [CONFIG] Antenna4: TX0_SNR=41, RX0_SNR=36, TX1_SNR=40, RX1_SNR=39

143478 [INFO] [CONFIG] Antenna5: TX0_SNR=43, RX0_SNR=1, TX1_SNR=42, RX1_SNR=-14

143479 [INFO] [CONFIG] Antenna6: TX0_SNR=15, RX0_SNR=34, TX1_SNR=37, RX1_SNR=37

143480 [INFO] [CONFIG] Antenna7: TX0_SNR=36, RX0_SNR=36, TX1_SNR=14, RX1_SNR=34

143481 [INFO] [CONFIG] Valid SNR count: 28 (threshold: 32)

143502 [INFO] [CONFIG] === ACM SNR values ===

143502 [INFO] [CONFIG] Antenna0: TX0_SNR=33, RX0_SNR=34, TX1_SNR=33, RX1_SNR=37

143503 [INFO] [CONFIG] Antenna1: TX0_SNR=35, RX0_SNR=34, TX1_SNR=36, RX1_SNR=38

143504 [INFO] [CONFIG] Antenna2: TX0_SNR=33, RX0_SNR=34, TX1_SNR=33, RX1_SNR=36

143505 [INFO] [CONFIG] Antenna3: TX0_SNR=32, RX0_SNR=35, TX1_SNR=33, RX1_SNR=37

143506 [INFO] [CONFIG] Antenna4: TX0_SNR=40, RX0_SNR=35, TX1_SNR=40, RX1_SNR=39

143507 [INFO] [CONFIG] Antenna5: TX0_SNR=42, RX0_SNR=-2, TX1_SNR=42, RX1_SNR=-10

143508 [INFO] [CONFIG] Antenna6: TX0_SNR=1, RX0_SNR=33, TX1_SNR=36, RX1_SNR=37

143509 [INFO] [CONFIG] Antenna7: TX0_SNR=35, RX0_SNR=35, TX1_SNR=0, RX1_SNR=33

143510 [INFO] [CONFIG] Valid SNR count: 28 (threshold: 32)

143531 [INFO] [CONFIG] === ACM SNR values ===

143532 [INFO] [CONFIG] Antenna0: TX0_SNR=34, RX0_SNR=35, TX1_SNR=34, RX1_SNR=37

143533 [INFO] [CONFIG] Antenna1: TX0_SNR=36, RX0_SNR=34, TX1_SNR=37, RX1_SNR=37

143534 [INFO] [CONFIG] Antenna2: TX0_SNR=34, RX0_SNR=34, TX1_SNR=34, RX1_SNR=37

143535 [INFO] [CONFIG] Antenna3: TX0_SNR=33, RX0_SNR=36, TX1_SNR=34, RX1_SNR=38

143536 [INFO] [CONFIG] Antenna4: TX0_SNR=41, RX0_SNR=35, TX1_SNR=41, RX1_SNR=38

143537 [INFO] [CONFIG] Antenna5: TX0_SNR=43, RX0_SNR=2, TX1_SNR=43, RX1_SNR=-4

143538 [INFO] [CONFIG] Antenna6: TX0_SNR=2, RX0_SNR=34, TX1_SNR=37, RX1_SNR=37

143539 [INFO] [CONFIG] Antenna7: TX0_SNR=36, RX0_SNR=35, TX1_SNR=13, RX1_SNR=34

143540 [INFO] [CONFIG] Valid SNR count: 28 (threshold: 32)

143561 [INFO] [CONFIG] === ACM SNR values ===

143561 [INFO] [CONFIG] Antenna0: TX0_SNR=34, RX0_SNR=36, TX1_SNR=33, RX1_SNR=37

143562 [INFO] [CONFIG] Antenna1: TX0_SNR=36, RX0_SNR=35, TX1_SNR=36, RX1_SNR=37

143563 [INFO] [CONFIG] Antenna2: TX0_SNR=34, RX0_SNR=35, TX1_SNR=33, RX1_SNR=37

143564 [INFO] [CONFIG] Antenna3: TX0_SNR=33, RX0_SNR=36, TX1_SNR=33, RX1_SNR=38

143565 [INFO] [CONFIG] Antenna4: TX0_SNR=41, RX0_SNR=34, TX1_SNR=40, RX1_SNR=38

143566 [INFO] [CONFIG] Antenna5: TX0_SNR=42, RX0_SNR=-1, TX1_SNR=42, RX1_SNR=1

143567 [INFO] [CONFIG] Antenna6: TX0_SNR=2, RX0_SNR=34, TX1_SNR=36, RX1_SNR=37

143568 [INFO] [CONFIG] Antenna7: TX0_SNR=35, RX0_SNR=36, TX1_SNR=1, RX1_SNR=33

143569 [INFO] [CONFIG] Valid SNR count: 28 (threshold: 32)

143590 [INFO] [CONFIG] === ACM SNR values ===

143591 [INFO] [CONFIG] Antenna0: TX0_SNR=34, RX0_SNR=35, TX1_SNR=33, RX1_SNR=37

143592 [INFO] [CONFIG] Antenna1: TX0_SNR=36, RX0_SNR=35, TX1_SNR=36, RX1_SNR=36

143593 [INFO] [CONFIG] Antenna2: TX0_SNR=33, RX0_SNR=34, TX1_SNR=33, RX1_SNR=38

143594 [INFO] [CONFIG] Antenna3: TX0_SNR=33, RX0_SNR=35, TX1_SNR=33, RX1_SNR=37

143595 [INFO] [CONFIG] Antenna4: TX0_SNR=40, RX0_SNR=35, TX1_SNR=40, RX1_SNR=38

143596 [INFO] [CONFIG] Antenna5: TX0_SNR=42, RX0_SNR=4, TX1_SNR=42, RX1_SNR=-13

143597 [INFO] [CONFIG] Antenna6: TX0_SNR=2, RX0_SNR=34, TX1_SNR=36, RX1_SNR=38

143598 [INFO] [CONFIG] Antenna7: TX0_SNR=35, RX0_SNR=36, TX1_SNR=1, RX1_SNR=33

143599 [INFO] [CONFIG] Valid SNR count: 28 (threshold: 32)

143620 [INFO] [CONFIG] === ACM SNR values ===

143620 [INFO] [CONFIG] Antenna0: TX0_SNR=34, RX0_SNR=35, TX1_SNR=34, RX1_SNR=39

143621 [INFO] [CONFIG] Antenna1: TX0_SNR=36, RX0_SNR=35, TX1_SNR=37, RX1_SNR=37

143622 [INFO] [CONFIG] Antenna2: TX0_SNR=34, RX0_SNR=35, TX1_SNR=34, RX1_SNR=39

143623 [INFO] [CONFIG] Antenna3: TX0_SNR=33, RX0_SNR=34, TX1_SNR=33, RX1_SNR=38

143624 [INFO] [CONFIG] Antenna4: TX0_SNR=41, RX0_SNR=35, TX1_SNR=41, RX1_SNR=38

143625 [INFO] [CONFIG] Antenna5: TX0_SNR=42, RX0_SNR=0, TX1_SNR=43, RX1_SNR=-1

143626 [INFO] [CONFIG] Antenna6: TX0_SNR=2, RX0_SNR=34, TX1_SNR=37, RX1_SNR=38

143627 [INFO] [CONFIG] Antenna7: TX0_SNR=35, RX0_SNR=36, TX1_SNR=13, RX1_SNR=34

143628 [INFO] [CONFIG] Valid SNR count: 28 (threshold: 32)

143649 [INFO] [CONFIG] === ACM SNR values ===

143650 [INFO] [CONFIG] Antenna0: TX0_SNR=33, RX0_SNR=34, TX1_SNR=32, RX1_SNR=37

143651 [INFO] [CONFIG] Antenna1: TX0_SNR=35, RX0_SNR=34, TX1_SNR=35, RX1_SNR=38

143652 [INFO] [CONFIG] Antenna2: TX0_SNR=32, RX0_SNR=34, TX1_SNR=32, RX1_SNR=36

143653 [INFO] [CONFIG] Antenna3: TX0_SNR=32, RX0_SNR=34, TX1_SNR=32, RX1_SNR=37

143654 [INFO] [CONFIG] Antenna4: TX0_SNR=39, RX0_SNR=34, TX1_SNR=39, RX1_SNR=37

143655 [INFO] [CONFIG] Antenna5: TX0_SNR=41, RX0_SNR=-2, TX1_SNR=41, RX1_SNR=-13

143656 [INFO] [CONFIG] Antenna6: TX0_SNR=0, RX0_SNR=33, TX1_SNR=35, RX1_SNR=37

143657 [INFO] [CONFIG] Antenna7: TX0_SNR=34, RX0_SNR=35, TX1_SNR=11, RX1_SNR=32

143658 [INFO] [CONFIG] Valid SNR count: 28 (threshold: 32)

143679 [INFO] [CONFIG] === ACM SNR values ===

143679 [INFO] [CONFIG] Antenna0: TX0_SNR=33, RX0_SNR=34, TX1_SNR=33, RX1_SNR=37

143680 [INFO] [CONFIG] Antenna1: TX0_SNR=35, RX0_SNR=34, TX1_SNR=36, RX1_SNR=37

143681 [INFO] [CONFIG] Antenna2: TX0_SNR=32, RX0_SNR=34, TX1_SNR=33, RX1_SNR=34

143682 [INFO] [CONFIG] Antenna3: TX0_SNR=32, RX0_SNR=34, TX1_SNR=32, RX1_SNR=37

143683 [INFO] [CONFIG] Antenna4: TX0_SNR=39, RX0_SNR=34, TX1_SNR=40, RX1_SNR=38

143684 [INFO] [CONFIG] Antenna5: TX0_SNR=41, RX0_SNR=-4, TX1_SNR=42, RX1_SNR=-12

143685 [INFO] [CONFIG] Antenna6: TX0_SNR=0, RX0_SNR=33, TX1_SNR=36, RX1_SNR=37

143686 [INFO] [CONFIG] Antenna7: TX0_SNR=34, RX0_SNR=34, TX1_SNR=0, RX1_SNR=33

143687 [INFO] [CONFIG] Valid SNR count: 28 (threshold: 32)

143708 [INFO] [CONFIG] === ACM SNR values ===

143709 [INFO] [CONFIG] Antenna0: TX0_SNR=32, RX0_SNR=34, TX1_SNR=33, RX1_SNR=37

143710 [INFO] [CONFIG] Antenna1: TX0_SNR=35, RX0_SNR=34, TX1_SNR=36, RX1_SNR=37

143711 [INFO] [CONFIG] Antenna2: TX0_SNR=32, RX0_SNR=34, TX1_SNR=33, RX1_SNR=38

143712 [INFO] [CONFIG] Antenna3: TX0_SNR=32, RX0_SNR=35, TX1_SNR=33, RX1_SNR=37

143713 [INFO] [CONFIG] Antenna4: TX0_SNR=39, RX0_SNR=34, TX1_SNR=40, RX1_SNR=37

143714 [INFO] [CONFIG] Antenna5: TX0_SNR=41, RX0_SNR=-2, TX1_SNR=42, RX1_SNR=-9

143715 [INFO] [CONFIG] Antenna6: TX0_SNR=0, RX0_SNR=32, TX1_SNR=36, RX1_SNR=37

143716 [INFO] [CONFIG] Antenna7: TX0_SNR=34, RX0_SNR=34, TX1_SNR=0, RX1_SNR=33

143717 [INFO] [CONFIG] Valid SNR count: 28 (threshold: 32)

143738 [INFO] [CONFIG] === ACM SNR values ===

143738 [INFO] [CONFIG] Antenna0: TX0_SNR=33, RX0_SNR=34, TX1_SNR=33, RX1_SNR=37

143739 [INFO] [CONFIG] Antenna1: TX0_SNR=35, RX0_SNR=33, TX1_SNR=35, RX1_SNR=35

143740 [INFO] [CONFIG] Antenna2: TX0_SNR=32, RX0_SNR=34, TX1_SNR=32, RX1_SNR=36

143741 [INFO] [CONFIG] Antenna3: TX0_SNR=32, RX0_SNR=35, TX1_SNR=32, RX1_SNR=39

143742 [INFO] [CONFIG] Antenna4: TX0_SNR=39, RX0_SNR=34, TX1_SNR=39, RX1_SNR=37

143743 [INFO] [CONFIG] Antenna5: TX0_SNR=41, RX0_SNR=2, TX1_SNR=41, RX1_SNR=-1

143744 [INFO] [CONFIG] Antenna6: TX0_SNR=0, RX0_SNR=33, TX1_SNR=36, RX1_SNR=36

143745 [INFO] [CONFIG] Antenna7: TX0_SNR=34, RX0_SNR=34, TX1_SNR=-1, RX1_SNR=33

143746 [INFO] [CONFIG] Valid SNR count: 28 (threshold: 32)

143767 [INFO] [CONFIG] === ACM SNR values ===

143768 [INFO] [CONFIG] Antenna0: TX0_SNR=33, RX0_SNR=35, TX1_SNR=33, RX1_SNR=37

143769 [INFO] [CONFIG] Antenna1: TX0_SNR=35, RX0_SNR=35, TX1_SNR=36, RX1_SNR=37

143770 [INFO] [CONFIG] Antenna2: TX0_SNR=33, RX0_SNR=33, TX1_SNR=33, RX1_SNR=36

143771 [INFO] [CONFIG] Antenna3: TX0_SNR=32, RX0_SNR=34, TX1_SNR=32, RX1_SNR=37

143772 [INFO] [CONFIG] Antenna4: TX0_SNR=40, RX0_SNR=34, TX1_SNR=40, RX1_SNR=37

143773 [INFO] [CONFIG] Antenna5: TX0_SNR=41, RX0_SNR=3, TX1_SNR=42, RX1_SNR=-2

143774 [INFO] [CONFIG] Antenna6: TX0_SNR=0, RX0_SNR=33, TX1_SNR=36, RX1_SNR=36

143775 [INFO] [CONFIG] Antenna7: TX0_SNR=34, RX0_SNR=34, TX1_SNR=0, RX1_SNR=33

143776 [INFO] [CONFIG] Valid SNR count: 28 (threshold: 32)

143797 [INFO] [CONFIG] === ACM SNR values ===

143797 [INFO] [CONFIG] Antenna0: TX0_SNR=32, RX0_SNR=34, TX1_SNR=32, RX1_SNR=36

143798 [INFO] [CONFIG] Antenna1: TX0_SNR=35, RX0_SNR=34, TX1_SNR=34, RX1_SNR=37

143799 [INFO] [CONFIG] Antenna2: TX0_SNR=32, RX0_SNR=34, TX1_SNR=31, RX1_SNR=35

143800 [INFO] [CONFIG] Antenna3: TX0_SNR=32, RX0_SNR=34, TX1_SNR=31, RX1_SNR=36

143801 [INFO] [CONFIG] Antenna4: TX0_SNR=39, RX0_SNR=34, TX1_SNR=38, RX1_SNR=36

143802 [INFO] [CONFIG] Antenna5: TX0_SNR=41, RX0_SNR=4, TX1_SNR=40, RX1_SNR=-3

143803 [INFO] [CONFIG] Antenna6: TX0_SNR=-1, RX0_SNR=32, TX1_SNR=35, RX1_SNR=36

143804 [INFO] [CONFIG] Antenna7: TX0_SNR=34, RX0_SNR=34, TX1_SNR=-2, RX1_SNR=32

143805 [INFO] [CONFIG] Valid SNR count: 26 (threshold: 32)

143826 [INFO] [CONFIG] === ACM SNR values ===

143827 [INFO] [CONFIG] Antenna0: TX0_SNR=32, RX0_SNR=34, TX1_SNR=32, RX1_SNR=37

143828 [INFO] [CONFIG] Antenna1: TX0_SNR=34, RX0_SNR=33, TX1_SNR=34, RX1_SNR=37

143829 [INFO] [CONFIG] Antenna2: TX0_SNR=32, RX0_SNR=34, TX1_SNR=31, RX1_SNR=35

143830 [INFO] [CONFIG] Antenna3: TX0_SNR=31, RX0_SNR=34, TX1_SNR=31, RX1_SNR=37

143831 [INFO] [CONFIG] Antenna4: TX0_SNR=39, RX0_SNR=34, TX1_SNR=38, RX1_SNR=36

143832 [INFO] [CONFIG] Antenna5: TX0_SNR=41, RX0_SNR=5, TX1_SNR=40, RX1_SNR=-3

143833 [INFO] [CONFIG] Antenna6: TX0_SNR=-1, RX0_SNR=32, TX1_SNR=35, RX1_SNR=37

143834 [INFO] [CONFIG] Antenna7: TX0_SNR=34, RX0_SNR=34, TX1_SNR=-2, RX1_SNR=32

143835 [INFO] [CONFIG] Valid SNR count: 25 (threshold: 32)

143856 [INFO] [CONFIG] === ACM SNR values ===

143856 [INFO] [CONFIG] Antenna0: TX0_SNR=32, RX0_SNR=34, TX1_SNR=32, RX1_SNR=35

143857 [INFO] [CONFIG] Antenna1: TX0_SNR=34, RX0_SNR=34, TX1_SNR=35, RX1_SNR=36

143858 [INFO] [CONFIG] Antenna2: TX0_SNR=32, RX0_SNR=34, TX1_SNR=32, RX1_SNR=36

143859 [INFO] [CONFIG] Antenna3: TX0_SNR=32, RX0_SNR=33, TX1_SNR=32, RX1_SNR=36

143860 [INFO] [CONFIG] Antenna4: TX0_SNR=39, RX0_SNR=34, TX1_SNR=39, RX1_SNR=37

143861 [INFO] [CONFIG] Antenna5: TX0_SNR=41, RX0_SNR=4, TX1_SNR=41, RX1_SNR=0

143862 [INFO] [CONFIG] Antenna6: TX0_SNR=-1, RX0_SNR=32, TX1_SNR=35, RX1_SNR=35

143863 [INFO] [CONFIG] Antenna7: TX0_SNR=34, RX0_SNR=34, TX1_SNR=-2, RX1_SNR=32

143864 [INFO] [CONFIG] Valid SNR count: 28 (threshold: 32)

143885 [INFO] [CONFIG] === ACM SNR values ===

143886 [INFO] [CONFIG] Antenna0: TX0_SNR=32, RX0_SNR=34, TX1_SNR=33, RX1_SNR=37

143887 [INFO] [CONFIG] Antenna1: TX0_SNR=35, RX0_SNR=32, TX1_SNR=35, RX1_SNR=37

143888 [INFO] [CONFIG] Antenna2: TX0_SNR=32, RX0_SNR=34, TX1_SNR=32, RX1_SNR=36

143889 [INFO] [CONFIG] Antenna3: TX0_SNR=32, RX0_SNR=34, TX1_SNR=32, RX1_SNR=37

143890 [INFO] [CONFIG] Antenna4: TX0_SNR=39, RX0_SNR=34, TX1_SNR=39, RX1_SNR=36

143891 [INFO] [CONFIG] Antenna5: TX0_SNR=41, RX0_SNR=6, TX1_SNR=41, RX1_SNR=-2

143892 [INFO] [CONFIG] Antenna6: TX0_SNR=-1, RX0_SNR=32, TX1_SNR=36, RX1_SNR=36

143893 [INFO] [CONFIG] Antenna7: TX0_SNR=34, RX0_SNR=34, TX1_SNR=-1, RX1_SNR=33

143894 [INFO] [CONFIG] Valid SNR count: 28 (threshold: 32)

143915 [INFO] [CONFIG] === ACM SNR values ===

143916 [INFO] [CONFIG] Antenna0: TX0_SNR=32, RX0_SNR=34, TX1_SNR=32, RX1_SNR=36

143917 [INFO] [CONFIG] Antenna1: TX0_SNR=34, RX0_SNR=33, TX1_SNR=34, RX1_SNR=36

143918 [INFO] [CONFIG] Antenna2: TX0_SNR=32, RX0_SNR=33, TX1_SNR=31, RX1_SNR=38

143919 [INFO] [CONFIG] Antenna3: TX0_SNR=31, RX0_SNR=34, TX1_SNR=31, RX1_SNR=36

143920 [INFO] [CONFIG] Antenna4: TX0_SNR=38, RX0_SNR=34, TX1_SNR=38, RX1_SNR=37

143921 [INFO] [CONFIG] Antenna5: TX0_SNR=40, RX0_SNR=4, TX1_SNR=40, RX1_SNR=-3

143921 [INFO] [CONFIG] Antenna6: TX0_SNR=-1, RX0_SNR=32, TX1_SNR=35, RX1_SNR=36

143922 [INFO] [CONFIG] Antenna7: TX0_SNR=33, RX0_SNR=34, TX1_SNR=-2, RX1_SNR=32

143923 [INFO] [CONFIG] Valid SNR count: 25 (threshold: 32)

143924 [INFO] [CONFIG] i = 0,Tmp0 = 22,Tmp1 = 24

143925 [INFO] [CONFIG] i = 1,Tmp0 = 22,Tmp1 = 24

143925 [INFO] [CONFIG] i = 2,Tmp0 = 24,Tmp1 = 26

143926 [INFO] [CONFIG] i = 3,Tmp0 = 22,Tmp1 = 24

143927 [INFO] [CONFIG] i = 4,Tmp0 = 22,Tmp1 = 24

143927 [INFO] [CONFIG] i = 5,Tmp0 = 22,Tmp1 = 24

143928 [INFO] [CONFIG] i = 6,Tmp0 = 20,Tmp1 = 28

143929 [INFO] [CONFIG] i = 7,Tmp0 = 22,Tmp1 = 24

143929 [INFO] [CONFIG] i = 8,Tmp0 = 18,Tmp1 = 20

143930 [INFO] [CONFIG] i = 9,Tmp0 = 22,Tmp1 = 24

143930 [INFO] [CONFIG] i = 10,Tmp0 = 40,Tmp1 = 18

143931 [INFO] [CONFIG] i = 11,Tmp0 = 22,Tmp1 = 24

143932 [INFO] [CONFIG] i = 12,Tmp0 = 20,Tmp1 = 24

143932 [INFO] [CONFIG] i = 13,Tmp0 = 22,Tmp1 = 24

143933 [INFO] [CONFIG] i = 14,Tmp0 = 22,Tmp1 = 20

143934 [INFO] [CONFIG] ACM auto-gain completed

143934 [INFO] [CORE] ACM auto-gain get completed

143935 [INFO] [CORE] Start ACM calibration 1 (target count: 20, SNR threshold: 28)...

143936 [INFO] [CONFIG] Run ACM calibration (count: 20, SNR threshold: 28)...

143957 [INFO] [CONFIG] === ACM SNR values ===

143958 [INFO] [CONFIG] Antenna0: TX0_SNR=37, RX0_SNR=38, TX1_SNR=35, RX1_SNR=36

143959 [INFO] [CONFIG] Antenna1: TX0_SNR=40, RX0_SNR=35, TX1_SNR=38, RX1_SNR=36

143960 [INFO] [CONFIG] Antenna2: TX0_SNR=37, RX0_SNR=35, TX1_SNR=35, RX1_SNR=35

143961 [INFO] [CONFIG] Antenna3: TX0_SNR=35, RX0_SNR=37, TX1_SNR=36, RX1_SNR=40

143962 [INFO] [CONFIG] Antenna4: TX0_SNR=42, RX0_SNR=39, TX1_SNR=40, RX1_SNR=41

143963 [INFO] [CONFIG] Antenna5: TX0_SNR=51, RX0_SNR=-2, TX1_SNR=41, RX1_SNR=-4

143964 [INFO] [CONFIG] Antenna6: TX0_SNR=24, RX0_SNR=37, TX1_SNR=38, RX1_SNR=41

143965 [INFO] [CONFIG] Antenna7: TX0_SNR=38, RX0_SNR=40, TX1_SNR=21, RX1_SNR=35

143966 [INFO] [CONFIG] Valid SNR count: 28 (threshold: 28)

143967 [INFO] [CONFIG] === ACM calibration factors ===

143968 [INFO] [CONFIG] Channel0: I=0x00008000 (1.000), Q=0x00000000 (0.000)

143969 [INFO] [CONFIG] Channel1: I=0x0003B8FC (-0.555), Q=0x0003BBCA (-0.533)

143970 [INFO] [CONFIG] Channel2: I=0x0003FD9B (-0.019), Q=0x00004103 (0.508)

143971 [INFO] [CONFIG] Channel3: I=0x000379FB (-1.047), Q=0x0003D5F3 (-0.329)

143972 [INFO] [CONFIG] Channel4: I=0x00003281 (0.395), Q=0x00038045 (-0.998)

143973 [INFO] [CONFIG] Channel5: I=0x0003F9BC (-0.049), Q=0x0000205C (0.253)

143973 [INFO] [CONFIG] Channel6: I=0x00000F84 (0.121), Q=0x000072F1 (0.898)

143974 [INFO] [CONFIG] Channel7: I=0x0003ACEF (-0.649), Q=0x000085DA (1.046)

143995 [INFO] [CONFIG] === ACM SNR values ===

143996 [INFO] [CONFIG] Antenna0: TX0_SNR=42, RX0_SNR=36, TX1_SNR=39, RX1_SNR=35

143997 [INFO] [CONFIG] Antenna1: TX0_SNR=45, RX0_SNR=36, TX1_SNR=42, RX1_SNR=37

143998 [INFO] [CONFIG] Antenna2: TX0_SNR=41, RX0_SNR=38, TX1_SNR=39, RX1_SNR=37

143999 [INFO] [CONFIG] Antenna3: TX0_SNR=40, RX0_SNR=36, TX1_SNR=39, RX1_SNR=39

144000 [INFO] [CONFIG] Antenna4: TX0_SNR=46, RX0_SNR=39, TX1_SNR=44, RX1_SNR=42

144001 [INFO] [CONFIG] Antenna5: TX0_SNR=55, RX0_SNR=-3, TX1_SNR=45, RX1_SNR=-2

144002 [INFO] [CONFIG] Antenna6: TX0_SNR=29, RX0_SNR=42, TX1_SNR=41, RX1_SNR=39

144003 [INFO] [CONFIG] Antenna7: TX0_SNR=43, RX0_SNR=38, TX1_SNR=24, RX1_SNR=39

144004 [INFO] [CONFIG] Valid SNR count: 29 (threshold: 28)

144005 [INFO] [CONFIG] === ACM calibration factors ===

144006 [INFO] [CONFIG] Channel0: I=0x00008000 (1.000), Q=0x00000000 (0.000)

144007 [INFO] [CONFIG] Channel1: I=0x0003BE18 (-0.515), Q=0x0003BBD1 (-0.533)

144008 [INFO] [CONFIG] Channel2: I=0x0003FB32 (-0.038), Q=0x000041DA (0.514)

144009 [INFO] [CONFIG] Channel3: I=0x00037D9A (-1.019), Q=0x0003D1B3 (-0.362)

144010 [INFO] [CONFIG] Channel4: I=0x00003333 (0.400), Q=0x00038878 (-0.934)

144011 [INFO] [CONFIG] Channel5: I=0x0003F8F4 (-0.055), Q=0x00001CAA (0.224)

144012 [INFO] [CONFIG] Channel6: I=0x0000089A (0.067), Q=0x00007330 (0.900)

144013 [INFO] [CONFIG] Channel7: I=0x0003AC94 (-0.652), Q=0x000084A3 (1.036)

144034 [INFO] [CONFIG] === ACM SNR values ===

144034 [INFO] [CONFIG] Antenna0: TX0_SNR=36, RX0_SNR=36, TX1_SNR=36, RX1_SNR=36

144035 [INFO] [CONFIG] Antenna1: TX0_SNR=39, RX0_SNR=39, TX1_SNR=39, RX1_SNR=39

144036 [INFO] [CONFIG] Antenna2: TX0_SNR=36, RX0_SNR=41, TX1_SNR=36, RX1_SNR=34

144037 [INFO] [CONFIG] Antenna3: TX0_SNR=34, RX0_SNR=39, TX1_SNR=37, RX1_SNR=42

144038 [INFO] [CONFIG] Antenna4: TX0_SNR=41, RX0_SNR=40, TX1_SNR=41, RX1_SNR=43

144039 [INFO] [CONFIG] Antenna5: TX0_SNR=50, RX0_SNR=-2, TX1_SNR=42, RX1_SNR=-7

144040 [INFO] [CONFIG] Antenna6: TX0_SNR=24, RX0_SNR=36, TX1_SNR=39, RX1_SNR=40

144041 [INFO] [CONFIG] Antenna7: TX0_SNR=38, RX0_SNR=38, TX1_SNR=22, RX1_SNR=36

144042 [INFO] [CONFIG] Valid SNR count: 28 (threshold: 28)

144043 [INFO] [CONFIG] === ACM calibration factors ===

144044 [INFO] [CONFIG] Channel0: I=0x00008000 (1.000), Q=0x00000000 (0.000)

144045 [INFO] [CONFIG] Channel1: I=0x0003BC72 (-0.528), Q=0x0003B89B (-0.558)

144046 [INFO] [CONFIG] Channel2: I=0x0003FA51 (-0.044), Q=0x00004367 (0.527)

144047 [INFO] [CONFIG] Channel3: I=0x00037DE5 (-1.016), Q=0x0003CE11 (-0.390)

144048 [INFO] [CONFIG] Channel4: I=0x0000376D (0.433), Q=0x0003817F (-0.988)

144049 [INFO] [CONFIG] Channel5: I=0x000003FF (0.031), Q=0x000012F6 (0.148)

144050 [INFO] [CONFIG] Channel6: I=0x00000C2B (0.095), Q=0x0000747C (0.910)

144051 [INFO] [CONFIG] Channel7: I=0x0003AE97 (-0.636), Q=0x0000852E (1.040)

144072 [INFO] [CONFIG] === ACM SNR values ===

144072 [INFO] [CONFIG] Antenna0: TX0_SNR=36, RX0_SNR=36, TX1_SNR=38, RX1_SNR=37

144073 [INFO] [CONFIG] Antenna1: TX0_SNR=39, RX0_SNR=37, TX1_SNR=41, RX1_SNR=36

144074 [INFO] [CONFIG] Antenna2: TX0_SNR=36, RX0_SNR=35, TX1_SNR=38, RX1_SNR=36

144075 [INFO] [CONFIG] Antenna3: TX0_SNR=34, RX0_SNR=37, TX1_SNR=39, RX1_SNR=39

144076 [INFO] [CONFIG] Antenna4: TX0_SNR=41, RX0_SNR=38, TX1_SNR=43, RX1_SNR=42

144077 [INFO] [CONFIG] Antenna5: TX0_SNR=49, RX0_SNR=0, TX1_SNR=44, RX1_SNR=-5

144078 [INFO] [CONFIG] Antenna6: TX0_SNR=23, RX0_SNR=36, TX1_SNR=41, RX1_SNR=37

144079 [INFO] [CONFIG] Antenna7: TX0_SNR=37, RX0_SNR=38, TX1_SNR=24, RX1_SNR=38

144080 [INFO] [CONFIG] Valid SNR count: 28 (threshold: 28)

144081 [INFO] [CONFIG] === ACM calibration factors ===

144082 [INFO] [CONFIG] Channel0: I=0x00008000 (1.000), Q=0x00000000 (0.000)

144083 [INFO] [CONFIG] Channel1: I=0x0003BEED (-0.508), Q=0x0003C033 (-0.498)

144084 [INFO] [CONFIG] Channel2: I=0x0003FC5B (-0.028), Q=0x0000406E (0.503)

144085 [INFO] [CONFIG] Channel3: I=0x00038101 (-0.992), Q=0x0003D58A (-0.332)

144086 [INFO] [CONFIG] Channel4: I=0x000034EF (0.414), Q=0x000388C3 (-0.932)

144087 [INFO] [CONFIG] Channel5: I=0x0000036D (0.027), Q=0x00001A45 (0.205)

144088 [INFO] [CONFIG] Channel6: I=0x00000DCD (0.108), Q=0x000071CE (0.889)

144089 [INFO] [CONFIG] Channel7: I=0x0003AD84 (-0.644), Q=0x000085FA (1.047)

144110 [INFO] [CONFIG] === ACM SNR values ===

144110 [INFO] [CONFIG] Antenna0: TX0_SNR=39, RX0_SNR=36, TX1_SNR=39, RX1_SNR=36

144111 [INFO] [CONFIG] Antenna1: TX0_SNR=42, RX0_SNR=35, TX1_SNR=42, RX1_SNR=38

144112 [INFO] [CONFIG] Antenna2: TX0_SNR=39, RX0_SNR=35, TX1_SNR=39, RX1_SNR=37

144113 [INFO] [CONFIG] Antenna3: TX0_SNR=37, RX0_SNR=37, TX1_SNR=39, RX1_SNR=39

144114 [INFO] [CONFIG] Antenna4: TX0_SNR=44, RX0_SNR=40, TX1_SNR=44, RX1_SNR=43

144115 [INFO] [CONFIG] Antenna5: TX0_SNR=53, RX0_SNR=-2, TX1_SNR=45, RX1_SNR=-6

144116 [INFO] [CONFIG] Antenna6: TX0_SNR=26, RX0_SNR=39, TX1_SNR=42, RX1_SNR=40

144117 [INFO] [CONFIG] Antenna7: TX0_SNR=40, RX0_SNR=39, TX1_SNR=25, RX1_SNR=39

144118 [INFO] [CONFIG] Valid SNR count: 28 (threshold: 28)

144119 [INFO] [CONFIG] === ACM calibration factors ===

144120 [INFO] [CONFIG] Channel0: I=0x00008000 (1.000), Q=0x00000000 (0.000)

144121 [INFO] [CONFIG] Channel1: I=0x0003BFF1 (-0.500), Q=0x0003BF78 (-0.504)

144122 [INFO] [CONFIG] Channel2: I=0x0003FC40 (-0.029), Q=0x00004007 (0.500)

144123 [INFO] [CONFIG] Channel3: I=0x000382CA (-0.978), Q=0x0003D300 (-0.352)

144124 [INFO] [CONFIG] Channel4: I=0x0000341A (0.407), Q=0x00038AAD (-0.917)

144125 [INFO] [CONFIG] Channel5: I=0x0003F5A1 (-0.081), Q=0x000015A9 (0.169)

144126 [INFO] [CONFIG] Channel6: I=0x00000ADD (0.085), Q=0x00007094 (0.880)

144127 [INFO] [CONFIG] Channel7: I=0x0003AD9B (-0.644), Q=0x00008895 (1.067)

144148 [INFO] [CONFIG] === ACM SNR values ===

144148 [INFO] [CONFIG] Antenna0: TX0_SNR=38, RX0_SNR=35, TX1_SNR=37, RX1_SNR=37

144149 [INFO] [CONFIG] Antenna1: TX0_SNR=41, RX0_SNR=38, TX1_SNR=40, RX1_SNR=38

144150 [INFO] [CONFIG] Antenna2: TX0_SNR=38, RX0_SNR=39, TX1_SNR=37, RX1_SNR=38

144151 [INFO] [CONFIG] Antenna3: TX0_SNR=37, RX0_SNR=35, TX1_SNR=37, RX1_SNR=40

144152 [INFO] [CONFIG] Antenna4: TX0_SNR=43, RX0_SNR=39, TX1_SNR=42, RX1_SNR=42

144153 [INFO] [CONFIG] Antenna5: TX0_SNR=52, RX0_SNR=-2, TX1_SNR=43, RX1_SNR=-2

144154 [INFO] [CONFIG] Antenna6: TX0_SNR=26, RX0_SNR=38, TX1_SNR=40, RX1_SNR=39

144155 [INFO] [CONFIG] Antenna7: TX0_SNR=40, RX0_SNR=38, TX1_SNR=23, RX1_SNR=37

144156 [INFO] [CONFIG] Valid SNR count: 28 (threshold: 28)

144157 [INFO] [CONFIG] === ACM calibration factors ===

144158 [INFO] [CONFIG] Channel0: I=0x00008000 (1.000), Q=0x00000000 (0.000)

144159 [INFO] [CONFIG] Channel1: I=0x0003BE08 (-0.515), Q=0x0003BF42 (-0.506)

144160 [INFO] [CONFIG] Channel2: I=0x0003F9F1 (-0.047), Q=0x00004150 (0.510)

144161 [INFO] [CONFIG] Channel3: I=0x0003844F (-0.966), Q=0x0003D48A (-0.340)

144162 [INFO] [CONFIG] Channel4: I=0x00003385 (0.402), Q=0x00038B4C (-0.912)

144163 [INFO] [CONFIG] Channel5: I=0x0003FD47 (-0.021), Q=0x00001F9E (0.247)

144164 [INFO] [CONFIG] Channel6: I=0x00000882 (0.066), Q=0x00006F87 (0.871)

144165 [INFO] [CONFIG] Channel7: I=0x0003B3A2 (-0.597), Q=0x0000848B (1.035)

144186 [INFO] [CONFIG] === ACM SNR values ===

144186 [INFO] [CONFIG] Antenna0: TX0_SNR=41, RX0_SNR=35, TX1_SNR=38, RX1_SNR=36

144187 [INFO] [CONFIG] Antenna1: TX0_SNR=44, RX0_SNR=35, TX1_SNR=40, RX1_SNR=37

144188 [INFO] [CONFIG] Antenna2: TX0_SNR=41, RX0_SNR=35, TX1_SNR=37, RX1_SNR=34

144189 [INFO] [CONFIG] Antenna3: TX0_SNR=39, RX0_SNR=39, TX1_SNR=38, RX1_SNR=40

144190 [INFO] [CONFIG] Antenna4: TX0_SNR=46, RX0_SNR=39, TX1_SNR=42, RX1_SNR=41

144191 [INFO] [CONFIG] Antenna5: TX0_SNR=54, RX0_SNR=-3, TX1_SNR=43, RX1_SNR=-6

144192 [INFO] [CONFIG] Antenna6: TX0_SNR=28, RX0_SNR=41, TX1_SNR=40, RX1_SNR=38

144193 [INFO] [CONFIG] Antenna7: TX0_SNR=42, RX0_SNR=41, TX1_SNR=23, RX1_SNR=38

144194 [INFO] [CONFIG] Valid SNR count: 29 (threshold: 28)

144195 [INFO] [CONFIG] === ACM calibration factors ===

144196 [INFO] [CONFIG] Channel0: I=0x00008000 (1.000), Q=0x00000000 (0.000)

144197 [INFO] [CONFIG] Channel1: I=0x0003BE0F (-0.515), Q=0x0003BA9C (-0.542)

144198 [INFO] [CONFIG] Channel2: I=0x0003FAC6 (-0.041), Q=0x000040D2 (0.506)

144199 [INFO] [CONFIG] Channel3: I=0x00037FC7 (-1.002), Q=0x0003CFCF (-0.376)

144200 [INFO] [CONFIG] Channel4: I=0x000035D8 (0.421), Q=0x000387CD (-0.939)

144201 [INFO] [CONFIG] Channel5: I=0x0003FF5B (-0.005), Q=0x0000156A (0.167)

144202 [INFO] [CONFIG] Channel6: I=0x00000964 (0.073), Q=0x000073EF (0.906)

144203 [INFO] [CONFIG] Channel7: I=0x0003AA62 (-0.669), Q=0x0000855C (1.042)

144224 [INFO] [CONFIG] === ACM SNR values ===

144225 [INFO] [CONFIG] Antenna0: TX0_SNR=36, RX0_SNR=37, TX1_SNR=39, RX1_SNR=38

144226 [INFO] [CONFIG] Antenna1: TX0_SNR=39, RX0_SNR=39, TX1_SNR=42, RX1_SNR=35

144227 [INFO] [CONFIG] Antenna2: TX0_SNR=35, RX0_SNR=36, TX1_SNR=39, RX1_SNR=39

144228 [INFO] [CONFIG] Antenna3: TX0_SNR=34, RX0_SNR=37, TX1_SNR=39, RX1_SNR=42

144229 [INFO] [CONFIG] Antenna4: TX0_SNR=40, RX0_SNR=39, TX1_SNR=44, RX1_SNR=42

144230 [INFO] [CONFIG] Antenna5: TX0_SNR=49, RX0_SNR=-1, TX1_SNR=45, RX1_SNR=-3

144231 [INFO] [CONFIG] Antenna6: TX0_SNR=23, RX0_SNR=36, TX1_SNR=42, RX1_SNR=41

144232 [INFO] [CONFIG] Antenna7: TX0_SNR=37, RX0_SNR=41, TX1_SNR=25, RX1_SNR=39

144233 [INFO] [CONFIG] Valid SNR count: 28 (threshold: 28)

144234 [INFO] [CONFIG] === ACM calibration factors ===

144234 [INFO] [CONFIG] Channel0: I=0x00008000 (1.000), Q=0x00000000 (0.000)

144235 [INFO] [CONFIG] Channel1: I=0x0003C2E0 (-0.478), Q=0x0003BF90 (-0.503)

144236 [INFO] [CONFIG] Channel2: I=0x0003FAD8 (-0.040), Q=0x00003FF6 (0.500)

144237 [INFO] [CONFIG] Channel3: I=0x00038527 (-0.960), Q=0x0003D3A7 (-0.346)

144238 [INFO] [CONFIG] Channel4: I=0x0000344F (0.409), Q=0x00038C6A (-0.903)

144239 [INFO] [CONFIG] Channel5: I=0x0003F33E (-0.100), Q=0x00001757 (0.182)

144240 [INFO] [CONFIG] Channel6: I=0x000009C6 (0.076), Q=0x00006D40 (0.854)

144241 [INFO] [CONFIG] Channel7: I=0x0003AA28 (-0.671), Q=0x00008870 (1.066)

144262 [INFO] [CONFIG] === ACM SNR values ===

144263 [INFO] [CONFIG] Antenna0: TX0_SNR=34, RX0_SNR=38, TX1_SNR=39, RX1_SNR=38

144264 [INFO] [CONFIG] Antenna1: TX0_SNR=37, RX0_SNR=37, TX1_SNR=42, RX1_SNR=38

144265 [INFO] [CONFIG] Antenna2: TX0_SNR=34, RX0_SNR=37, TX1_SNR=39, RX1_SNR=39

144266 [INFO] [CONFIG] Antenna3: TX0_SNR=33, RX0_SNR=37, TX1_SNR=39, RX1_SNR=40

144267 [INFO] [CONFIG] Antenna4: TX0_SNR=39, RX0_SNR=40, TX1_SNR=44, RX1_SNR=44

144268 [INFO] [CONFIG] Antenna5: TX0_SNR=48, RX0_SNR=-1, TX1_SNR=45, RX1_SNR=-5

144269 [INFO] [CONFIG] Antenna6: TX0_SNR=22, RX0_SNR=34, TX1_SNR=42, RX1_SNR=37

144270 [INFO] [CONFIG] Antenna7: TX0_SNR=36, RX0_SNR=39, TX1_SNR=25, RX1_SNR=39

144271 [INFO] [CONFIG] Valid SNR count: 28 (threshold: 28)

144272 [INFO] [CONFIG] === ACM calibration factors ===

144272 [INFO] [CONFIG] Channel0: I=0x00008000 (1.000), Q=0x00000000 (0.000)

144273 [INFO] [CONFIG] Channel1: I=0x0003BBDB (-0.532), Q=0x0003BA2B (-0.546)

144274 [INFO] [CONFIG] Channel2: I=0x0003FB78 (-0.035), Q=0x00004489 (0.535)

144275 [INFO] [CONFIG] Channel3: I=0x00037D61 (-1.020), Q=0x0003CFDC (-0.376)

144276 [INFO] [CONFIG] Channel4: I=0x0000354F (0.416), Q=0x00038476 (-0.965)

144277 [INFO] [CONFIG] Channel5: I=0x0003FCD0 (-0.025), Q=0x00001B2E (0.212)

144278 [INFO] [CONFIG] Channel6: I=0x00000C2A (0.095), Q=0x000076A5 (0.927)

144279 [INFO] [CONFIG] Channel7: I=0x0003AD07 (-0.648), Q=0x00008971 (1.074)

144300 [INFO] [CONFIG] === ACM SNR values ===

144301 [INFO] [CONFIG] Antenna0: TX0_SNR=41, RX0_SNR=36, TX1_SNR=37, RX1_SNR=35

144302 [INFO] [CONFIG] Antenna1: TX0_SNR=44, RX0_SNR=36, TX1_SNR=40, RX1_SNR=35

144303 [INFO] [CONFIG] Antenna2: TX0_SNR=41, RX0_SNR=36, TX1_SNR=37, RX1_SNR=34

144304 [INFO] [CONFIG] Antenna3: TX0_SNR=39, RX0_SNR=34, TX1_SNR=37, RX1_SNR=40

144305 [INFO] [CONFIG] Antenna4: TX0_SNR=46, RX0_SNR=40, TX1_SNR=42, RX1_SNR=43

144306 [INFO] [CONFIG] Antenna5: TX0_SNR=54, RX0_SNR=-8, TX1_SNR=43, RX1_SNR=-5

144307 [INFO] [CONFIG] Antenna6: TX0_SNR=28, RX0_SNR=41, TX1_SNR=40, RX1_SNR=37

144308 [INFO] [CONFIG] Antenna7: TX0_SNR=42, RX0_SNR=39, TX1_SNR=23, RX1_SNR=37

144309 [INFO] [CONFIG] Valid SNR count: 29 (threshold: 28)

144310 [INFO] [CONFIG] === ACM calibration factors ===

144310 [INFO] [CONFIG] Channel0: I=0x00008000 (1.000), Q=0x00000000 (0.000)

144311 [INFO] [CONFIG] Channel1: I=0x0003BE27 (-0.514), Q=0x0003C06B (-0.497)

144312 [INFO] [CONFIG] Channel2: I=0x0003FB2D (-0.038), Q=0x000041A0 (0.513)

144313 [INFO] [CONFIG] Channel3: I=0x00037E8A (-1.011), Q=0x0003D37D (-0.348)

144314 [INFO] [CONFIG] Channel4: I=0x00003247 (0.393), Q=0x00038709 (-0.945)

144315 [INFO] [CONFIG] Channel5: I=0x0003FE57 (-0.013), Q=0x00001ADD (0.210)

144316 [INFO] [CONFIG] Channel6: I=0x00000A4A (0.080), Q=0x00006F3F (0.869)

144317 [INFO] [CONFIG] Channel7: I=0x0003AAFE (-0.664), Q=0x000084C3 (1.037)

144338 [INFO] [CONFIG] === ACM SNR values ===

144339 [INFO] [CONFIG] Antenna0: TX0_SNR=39, RX0_SNR=36, TX1_SNR=38, RX1_SNR=36

144340 [INFO] [CONFIG] Antenna1: TX0_SNR=42, RX0_SNR=39, TX1_SNR=41, RX1_SNR=38

144341 [INFO] [CONFIG] Antenna2: TX0_SNR=38, RX0_SNR=34, TX1_SNR=38, RX1_SNR=34

144342 [INFO] [CONFIG] Antenna3: TX0_SNR=37, RX0_SNR=36, TX1_SNR=38, RX1_SNR=42

144343 [INFO] [CONFIG] Antenna4: TX0_SNR=43, RX0_SNR=42, TX1_SNR=43, RX1_SNR=44

144344 [INFO] [CONFIG] Antenna5: TX0_SNR=52, RX0_SNR=1, TX1_SNR=44, RX1_SNR=-5

144345 [INFO] [CONFIG] Antenna6: TX0_SNR=26, RX0_SNR=39, TX1_SNR=41, RX1_SNR=38

144346 [INFO] [CONFIG] Antenna7: TX0_SNR=40, RX0_SNR=40, TX1_SNR=24, RX1_SNR=38

144347 [INFO] [CONFIG] Valid SNR count: 28 (threshold: 28)

144348 [INFO] [CONFIG] === ACM calibration factors ===

144348 [INFO] [CONFIG] Channel0: I=0x00008000 (1.000), Q=0x00000000 (0.000)

144349 [INFO] [CONFIG] Channel1: I=0x0003B793 (-0.566), Q=0x0003B95A (-0.552)

144350 [INFO] [CONFIG] Channel2: I=0x0003FBC1 (-0.033), Q=0x000045EB (0.546)

144351 [INFO] [CONFIG] Channel3: I=0x000379C4 (-1.049), Q=0x0003D839 (-0.311)

144352 [INFO] [CONFIG] Channel4: I=0x0000328B (0.395), Q=0x0003805D (-0.997)

144353 [INFO] [CONFIG] Channel5: I=0x0003F5E9 (-0.079), Q=0x00001518 (0.165)

144354 [INFO] [CONFIG] Channel6: I=0x00000D9A (0.106), Q=0x00007737 (0.931)

144355 [INFO] [CONFIG] Channel7: I=0x0003AB58 (-0.661), Q=0x00007EFF (0.992)

144376 [INFO] [CONFIG] === ACM SNR values ===

144377 [INFO] [CONFIG] Antenna0: TX0_SNR=41, RX0_SNR=37, TX1_SNR=38, RX1_SNR=38

144378 [INFO] [CONFIG] Antenna1: TX0_SNR=44, RX0_SNR=37, TX1_SNR=41, RX1_SNR=39

144379 [INFO] [CONFIG] Antenna2: TX0_SNR=41, RX0_SNR=32, TX1_SNR=38, RX1_SNR=38

144380 [INFO] [CONFIG] Antenna3: TX0_SNR=39, RX0_SNR=38, TX1_SNR=38, RX1_SNR=40

144381 [INFO] [CONFIG] Antenna4: TX0_SNR=46, RX0_SNR=38, TX1_SNR=43, RX1_SNR=41

144382 [INFO] [CONFIG] Antenna5: TX0_SNR=54, RX0_SNR=0, TX1_SNR=44, RX1_SNR=-17

144383 [INFO] [CONFIG] Antenna6: TX0_SNR=28, RX0_SNR=41, TX1_SNR=41, RX1_SNR=40

144384 [INFO] [CONFIG] Antenna7: TX0_SNR=42, RX0_SNR=40, TX1_SNR=24, RX1_SNR=38

144385 [INFO] [CONFIG] Valid SNR count: 29 (threshold: 28)

144386 [INFO] [CONFIG] === ACM calibration factors ===

144387 [INFO] [CONFIG] Channel0: I=0x00008000 (1.000), Q=0x00000000 (0.000)

144387 [INFO] [CONFIG] Channel1: I=0x0003BC17 (-0.531), Q=0x0003BA9A (-0.542)

144388 [INFO] [CONFIG] Channel2: I=0x0003FBB7 (-0.033), Q=0x000045C7 (0.545)

144389 [INFO] [CONFIG] Channel3: I=0x00037DED (-1.016), Q=0x0003D17B (-0.363)

144390 [INFO] [CONFIG] Channel4: I=0x0000331D (0.399), Q=0x00037F44 (-1.006)

144391 [INFO] [CONFIG] Channel5: I=0x0003FB2B (-0.038), Q=0x000000FE (0.008)

144392 [INFO] [CONFIG] Channel6: I=0x00000D41 (0.104), Q=0x000074B1 (0.912)

144393 [INFO] [CONFIG] Channel7: I=0x0003AC66 (-0.653), Q=0x000083D8 (1.030)

144414 [INFO] [CONFIG] === ACM SNR values ===

144415 [INFO] [CONFIG] Antenna0: TX0_SNR=37, RX0_SNR=37, TX1_SNR=37, RX1_SNR=40

144416 [INFO] [CONFIG] Antenna1: TX0_SNR=40, RX0_SNR=38, TX1_SNR=39, RX1_SNR=38

144417 [INFO] [CONFIG] Antenna2: TX0_SNR=37, RX0_SNR=34, TX1_SNR=36, RX1_SNR=35

144418 [INFO] [CONFIG] Antenna3: TX0_SNR=35, RX0_SNR=36, TX1_SNR=37, RX1_SNR=39

144419 [INFO] [CONFIG] Antenna4: TX0_SNR=41, RX0_SNR=40, TX1_SNR=41, RX1_SNR=42

144420 [INFO] [CONFIG] Antenna5: TX0_SNR=50, RX0_SNR=1, TX1_SNR=42, RX1_SNR=-5

144421 [INFO] [CONFIG] Antenna6: TX0_SNR=24, RX0_SNR=37, TX1_SNR=39, RX1_SNR=38

144422 [INFO] [CONFIG] Antenna7: TX0_SNR=38, RX0_SNR=38, TX1_SNR=22, RX1_SNR=37

144423 [INFO] [CONFIG] Valid SNR count: 28 (threshold: 28)

144424 [INFO] [CONFIG] === ACM calibration factors ===

144425 [INFO] [CONFIG] Channel0: I=0x00008000 (1.000), Q=0x00000000 (0.000)

144426 [INFO] [CONFIG] Channel1: I=0x0003BBEF (-0.532), Q=0x0003C169 (-0.489)

144427 [INFO] [CONFIG] Channel2: I=0x0003FBB2 (-0.034), Q=0x00004010 (0.500)

144428 [INFO] [CONFIG] Channel3: I=0x00038162 (-0.989), Q=0x0003D491 (-0.339)

144429 [INFO] [CONFIG] Channel4: I=0x00002E9E (0.364), Q=0x0003858C (-0.957)

144430 [INFO] [CONFIG] Channel5: I=0x0003FE30 (-0.014), Q=0x00001D03 (0.227)

144430 [INFO] [CONFIG] Channel6: I=0x00000F6F (0.121), Q=0x00007184 (0.887)

144431 [INFO] [CONFIG] Channel7: I=0x0003B1D5 (-0.611), Q=0x00008742 (1.057)

144453 [INFO] [CONFIG] === ACM SNR values ===

144453 [INFO] [CONFIG] Antenna0: TX0_SNR=38, RX0_SNR=37, TX1_SNR=37, RX1_SNR=37

144454 [INFO] [CONFIG] Antenna1: TX0_SNR=41, RX0_SNR=36, TX1_SNR=40, RX1_SNR=38

144455 [INFO] [CONFIG] Antenna2: TX0_SNR=38, RX0_SNR=35, TX1_SNR=37, RX1_SNR=36

144456 [INFO] [CONFIG] Antenna3: TX0_SNR=37, RX0_SNR=36, TX1_SNR=38, RX1_SNR=41

144457 [INFO] [CONFIG] Antenna4: TX0_SNR=43, RX0_SNR=41, TX1_SNR=42, RX1_SNR=42

144458 [INFO] [CONFIG] Antenna5: TX0_SNR=52, RX0_SNR=0, TX1_SNR=43, RX1_SNR=-12

144459 [INFO] [CONFIG] Antenna6: TX0_SNR=26, RX0_SNR=38, TX1_SNR=40, RX1_SNR=39

144460 [INFO] [CONFIG] Antenna7: TX0_SNR=40, RX0_SNR=39, TX1_SNR=23, RX1_SNR=37

144461 [INFO] [CONFIG] Valid SNR count: 28 (threshold: 28)

144462 [INFO] [CONFIG] === ACM calibration factors ===

144463 [INFO] [CONFIG] Channel0: I=0x00008000 (1.000), Q=0x00000000 (0.000)

144464 [INFO] [CONFIG] Channel1: I=0x0003BCE5 (-0.524), Q=0x0003BEFA (-0.508)

144465 [INFO] [CONFIG] Channel2: I=0x0003FC6E (-0.028), Q=0x000041D9 (0.514)

144466 [INFO] [CONFIG] Channel3: I=0x00037D25 (-1.022), Q=0x0003D2F8 (-0.352)

144467 [INFO] [CONFIG] Channel4: I=0x00003524 (0.415), Q=0x00038450 (-0.966)

144468 [INFO] [CONFIG] Channel5: I=0x0000056A (0.042), Q=0x000008F4 (0.070)

144469 [INFO] [CONFIG] Channel6: I=0x00000CD7 (0.100), Q=0x00006F00 (0.867)

144470 [INFO] [CONFIG] Channel7: I=0x0003ADB6 (-0.643), Q=0x0000883A (1.064)

144491 [INFO] [CONFIG] === ACM SNR values ===

144491 [INFO] [CONFIG] Antenna0: TX0_SNR=37, RX0_SNR=37, TX1_SNR=38, RX1_SNR=37

144492 [INFO] [CONFIG] Antenna1: TX0_SNR=40, RX0_SNR=39, TX1_SNR=41, RX1_SNR=36

144493 [INFO] [CONFIG] Antenna2: TX0_SNR=37, RX0_SNR=36, TX1_SNR=38, RX1_SNR=35

144494 [INFO] [CONFIG] Antenna3: TX0_SNR=36, RX0_SNR=39, TX1_SNR=39, RX1_SNR=38

144495 [INFO] [CONFIG] Antenna4: TX0_SNR=42, RX0_SNR=39, TX1_SNR=43, RX1_SNR=42

144496 [INFO] [CONFIG] Antenna5: TX0_SNR=51, RX0_SNR=3, TX1_SNR=44, RX1_SNR=-14

144497 [INFO] [CONFIG] Antenna6: TX0_SNR=25, RX0_SNR=37, TX1_SNR=41, RX1_SNR=39

144498 [INFO] [CONFIG] Antenna7: TX0_SNR=39, RX0_SNR=40, TX1_SNR=24, RX1_SNR=38

144499 [INFO] [CONFIG] Valid SNR count: 28 (threshold: 28)

144500 [INFO] [CONFIG] === ACM calibration factors ===

144501 [INFO] [CONFIG] Channel0: I=0x00008000 (1.000), Q=0x00000000 (0.000)

144502 [INFO] [CONFIG] Channel1: I=0x0003BEE1 (-0.509), Q=0x0003BAA3 (-0.542)

144503 [INFO] [CONFIG] Channel2: I=0x0003F9A7 (-0.050), Q=0x00004381 (0.527)

144504 [INFO] [CONFIG] Channel3: I=0x00037EE1 (-1.009), Q=0x0003D1F1 (-0.360)

144505 [INFO] [CONFIG] Channel4: I=0x000037E6 (0.437), Q=0x0003847F (-0.965)

144506 [INFO] [CONFIG] Channel5: I=0x0000019B (0.013), Q=0x000008E9 (0.070)

144507 [INFO] [CONFIG] Channel6: I=0x00000C72 (0.097), Q=0x000071C0 (0.889)

144508 [INFO] [CONFIG] Channel7: I=0x0003AD23 (-0.647), Q=0x0000834B (1.026)

144529 [INFO] [CONFIG] === ACM SNR values ===

144529 [INFO] [CONFIG] Antenna0: TX0_SNR=35, RX0_SNR=37, TX1_SNR=36, RX1_SNR=37

144530 [INFO] [CONFIG] Antenna1: TX0_SNR=38, RX0_SNR=36, TX1_SNR=39, RX1_SNR=38

144531 [INFO] [CONFIG] Antenna2: TX0_SNR=35, RX0_SNR=39, TX1_SNR=35, RX1_SNR=37

144532 [INFO] [CONFIG] Antenna3: TX0_SNR=33, RX0_SNR=39, TX1_SNR=36, RX1_SNR=38

144533 [INFO] [CONFIG] Antenna4: TX0_SNR=40, RX0_SNR=37, TX1_SNR=41, RX1_SNR=41

144534 [INFO] [CONFIG] Antenna5: TX0_SNR=49, RX0_SNR=3, TX1_SNR=42, RX1_SNR=-9

144535 [INFO] [CONFIG] Antenna6: TX0_SNR=22, RX0_SNR=35, TX1_SNR=38, RX1_SNR=38

144536 [INFO] [CONFIG] Antenna7: TX0_SNR=36, RX0_SNR=40, TX1_SNR=21, RX1_SNR=36

144537 [INFO] [CONFIG] Valid SNR count: 28 (threshold: 28)

144538 [INFO] [CONFIG] === ACM calibration factors ===

144539 [INFO] [CONFIG] Channel0: I=0x00008000 (1.000), Q=0x00000000 (0.000)

144540 [INFO] [CONFIG] Channel1: I=0x0003BECA (-0.509), Q=0x0003BC7E (-0.527)

144541 [INFO] [CONFIG] Channel2: I=0x0003FA37 (-0.045), Q=0x00004168 (0.511)

144542 [INFO] [CONFIG] Channel3: I=0x0003839A (-0.972), Q=0x0003D270 (-0.356)

144543 [INFO] [CONFIG] Channel4: I=0x000032A9 (0.396), Q=0x000387EA (-0.938)

144544 [INFO] [CONFIG] Channel5: I=0x0003F160 (-0.114), Q=0x0000058E (0.043)

144545 [INFO] [CONFIG] Channel6: I=0x00000B2A (0.087), Q=0x0000727C (0.894)

144546 [INFO] [CONFIG] Channel7: I=0x0003AA3B (-0.670), Q=0x000085B2 (1.044)

144567 [INFO] [CONFIG] === ACM SNR values ===

144567 [INFO] [CONFIG] Antenna0: TX0_SNR=39, RX0_SNR=38, TX1_SNR=37, RX1_SNR=39

144568 [INFO] [CONFIG] Antenna1: TX0_SNR=42, RX0_SNR=35, TX1_SNR=40, RX1_SNR=36

144569 [INFO] [CONFIG] Antenna2: TX0_SNR=39, RX0_SNR=37, TX1_SNR=36, RX1_SNR=35

144570 [INFO] [CONFIG] Antenna3: TX0_SNR=37, RX0_SNR=37, TX1_SNR=37, RX1_SNR=38

144571 [INFO] [CONFIG] Antenna4: TX0_SNR=44, RX0_SNR=39, TX1_SNR=42, RX1_SNR=43

144572 [INFO] [CONFIG] Antenna5: TX0_SNR=52, RX0_SNR=-1, TX1_SNR=43, RX1_SNR=-12

144573 [INFO] [CONFIG] Antenna6: TX0_SNR=26, RX0_SNR=39, TX1_SNR=39, RX1_SNR=39

144574 [INFO] [CONFIG] Antenna7: TX0_SNR=40, RX0_SNR=40, TX1_SNR=22, RX1_SNR=37

144575 [INFO] [CONFIG] Valid SNR count: 28 (threshold: 28)

144576 [INFO] [CONFIG] === ACM calibration factors ===

144577 [INFO] [CONFIG] Channel0: I=0x00008000 (1.000), Q=0x00000000 (0.000)

144578 [INFO] [CONFIG] Channel1: I=0x0003BFCC (-0.502), Q=0x0003B8E1 (-0.556)

144579 [INFO] [CONFIG] Channel2: I=0x0003F977 (-0.051), Q=0x00004185 (0.512)

144580 [INFO] [CONFIG] Channel3: I=0x0003801C (-0.999), Q=0x0003D075 (-0.371)

144581 [INFO] [CONFIG] Channel4: I=0x000035A2 (0.419), Q=0x000386E3 (-0.946)

144582 [INFO] [CONFIG] Channel5: I=0x00000427 (0.032), Q=0x00000C6F (0.097)

144583 [INFO] [CONFIG] Channel6: I=0x00000B9A (0.091), Q=0x00007782 (0.934)

144584 [INFO] [CONFIG] Channel7: I=0x0003B044 (-0.623), Q=0x0000860C (1.047)

144605 [INFO] [CONFIG] === ACM SNR values ===

144605 [INFO] [CONFIG] Antenna0: TX0_SNR=37, RX0_SNR=36, TX1_SNR=39, RX1_SNR=37

144606 [INFO] [CONFIG] Antenna1: TX0_SNR=40, RX0_SNR=35, TX1_SNR=41, RX1_SNR=34

144607 [INFO] [CONFIG] Antenna2: TX0_SNR=37, RX0_SNR=38, TX1_SNR=38, RX1_SNR=35

144608 [INFO] [CONFIG] Antenna3: TX0_SNR=36, RX0_SNR=36, TX1_SNR=39, RX1_SNR=41

144609 [INFO] [CONFIG] Antenna4: TX0_SNR=42, RX0_SNR=39, TX1_SNR=43, RX1_SNR=44

144610 [INFO] [CONFIG] Antenna5: TX0_SNR=51, RX0_SNR=2, TX1_SNR=44, RX1_SNR=-12

144611 [INFO] [CONFIG] Antenna6: TX0_SNR=25, RX0_SNR=37, TX1_SNR=41, RX1_SNR=38

144612 [INFO] [CONFIG] Antenna7: TX0_SNR=39, RX0_SNR=39, TX1_SNR=24, RX1_SNR=39

144613 [INFO] [CONFIG] Valid SNR count: 28 (threshold: 28)

144614 [INFO] [CONFIG] === ACM calibration factors ===

144615 [INFO] [CONFIG] Channel0: I=0x00008000 (1.000), Q=0x00000000 (0.000)

144616 [INFO] [CONFIG] Channel1: I=0x0003BD3A (-0.522), Q=0x0003B7F6 (-0.563)

144617 [INFO] [CONFIG] Channel2: I=0x0003F834 (-0.061), Q=0x000043E0 (0.530)

144618 [INFO] [CONFIG] Channel3: I=0x00037FE0 (-1.001), Q=0x0003D1C4 (-0.361)

144619 [INFO] [CONFIG] Channel4: I=0x00003922 (0.446), Q=0x00038200 (-0.984)

144620 [INFO] [CONFIG] Channel5: I=0x000007DF (0.061), Q=0x00000B84 (0.090)

144621 [INFO] [CONFIG] Channel6: I=0x00000BCD (0.092), Q=0x00007789 (0.934)

144622 [INFO] [CONFIG] Channel7: I=0x0003AFFA (-0.625), Q=0x00008696 (1.051)

144643 [INFO] [CONFIG] === ACM SNR values ===

144643 [INFO] [CONFIG] Antenna0: TX0_SNR=37, RX0_SNR=41, TX1_SNR=39, RX1_SNR=36

144644 [INFO] [CONFIG] Antenna1: TX0_SNR=40, RX0_SNR=35, TX1_SNR=42, RX1_SNR=38

144645 [INFO] [CONFIG] Antenna2: TX0_SNR=37, RX0_SNR=36, TX1_SNR=39, RX1_SNR=34

144646 [INFO] [CONFIG] Antenna3: TX0_SNR=35, RX0_SNR=36, TX1_SNR=40, RX1_SNR=40

144647 [INFO] [CONFIG] Antenna4: TX0_SNR=42, RX0_SNR=38, TX1_SNR=44, RX1_SNR=43

144648 [INFO] [CONFIG] Antenna5: TX0_SNR=51, RX0_SNR=2, TX1_SNR=45, RX1_SNR=-10

144649 [INFO] [CONFIG] Antenna6: TX0_SNR=24, RX0_SNR=37, TX1_SNR=42, RX1_SNR=38

144650 [INFO] [CONFIG] Antenna7: TX0_SNR=38, RX0_SNR=38, TX1_SNR=25, RX1_SNR=39

144651 [INFO] [CONFIG] Valid SNR count: 28 (threshold: 28)

144652 [INFO] [CONFIG] === ACM calibration factors ===

144653 [INFO] [CONFIG] Channel0: I=0x00008000 (1.000), Q=0x00000000 (0.000)

144654 [INFO] [CONFIG] Channel1: I=0x0003C0CE (-0.494), Q=0x0003BA87 (-0.543)

144655 [INFO] [CONFIG] Channel2: I=0x0003F92B (-0.053), Q=0x000041F7 (0.515)

144656 [INFO] [CONFIG] Channel3: I=0x00038109 (-0.992), Q=0x0003CDD6 (-0.392)

144657 [INFO] [CONFIG] Channel4: I=0x00003852 (0.440), Q=0x000386CA (-0.947)

144658 [INFO] [CONFIG] Channel5: I=0x00000547 (0.041), Q=0x00000E99 (0.114)

144659 [INFO] [CONFIG] Channel6: I=0x000004CB (0.037), Q=0x00007281 (0.895)

144660 [INFO] [CONFIG] Channel7: I=0x0003B1DC (-0.610), Q=0x00008674 (1.050)

144681 [INFO] [CONFIG] === ACM SNR values ===

144682 [INFO] [CONFIG] Antenna0: TX0_SNR=38, RX0_SNR=35, TX1_SNR=37, RX1_SNR=37

144683 [INFO] [CONFIG] Antenna1: TX0_SNR=41, RX0_SNR=38, TX1_SNR=40, RX1_SNR=37

144684 [INFO] [CONFIG] Antenna2: TX0_SNR=38, RX0_SNR=37, TX1_SNR=37, RX1_SNR=39

144685 [INFO] [CONFIG] Antenna3: TX0_SNR=36, RX0_SNR=35, TX1_SNR=38, RX1_SNR=41

144686 [INFO] [CONFIG] Antenna4: TX0_SNR=43, RX0_SNR=39, TX1_SNR=42, RX1_SNR=41

144687 [INFO] [CONFIG] Antenna5: TX0_SNR=52, RX0_SNR=1, TX1_SNR=43, RX1_SNR=-5

144688 [INFO] [CONFIG] Antenna6: TX0_SNR=25, RX0_SNR=38, TX1_SNR=40, RX1_SNR=40

144689 [INFO] [CONFIG] Antenna7: TX0_SNR=39, RX0_SNR=40, TX1_SNR=23, RX1_SNR=37

144690 [INFO] [CONFIG] Valid SNR count: 28 (threshold: 28)

144690 [INFO] [CONFIG] === ACM calibration factors ===

144691 [INFO] [CONFIG] Channel0: I=0x00008000 (1.000), Q=0x00000000 (0.000)

144692 [INFO] [CONFIG] Channel1: I=0x0003BDA7 (-0.518), Q=0x0003BE55 (-0.513)

144693 [INFO] [CONFIG] Channel2: I=0x0003FB4A (-0.037), Q=0x000041D8 (0.514)

144694 [INFO] [CONFIG] Channel3: I=0x00037E79 (-1.012), Q=0x0003CEAE (-0.385)

144695 [INFO] [CONFIG] Channel4: I=0x0000311D (0.384), Q=0x000384FE (-0.961)

144696 [INFO] [CONFIG] Channel5: I=0x00000260 (0.019), Q=0x000018A0 (0.192)

144697 [INFO] [CONFIG] Channel6: I=0x00000A31 (0.080), Q=0x00007133 (0.884)

144698 [INFO] [CONFIG] Channel7: I=0x0003AED3 (-0.634), Q=0x000082D6 (1.022)

144699 [INFO] [CONFIG] ACM calibration completed, valid count: 20

144700 [INFO] [CORE] ACM calibration 1 completed, valid count: 20

144701 [INFO] [CORE] ACM calibration succeeded

144701 [WARN] [CONFIG] Slot time lengths - S0:48116, S1:0, S2:0, S3:267168 (us)
144702 [WARN] [CONFIG] Frame total time length: 315284 (us)
144703 [WARN] [CORE] IRQ mask pre-trigger expected=0x7E6 readback=0x7E6
144704 [WARN] [CORE] IRQ mask post-trigger expected=0x7E6 readback=0x7E6
[144705] [INFO] [TRM] [tk8710_sat_payload_app.c:753:SatPayloadStartSensitivity] RX SENS started: freq=509100000 rate=6 externalSync=1 S3=69536 bytes=22
[144707] [INFO] [TRM] [tk8710_sat_payload_app.c:1223:SatPayloadApp_SetWorkMode] SAT APP mode started: mode=7 state=4
OK result=0
SAT> [145122] [INFO] [TRM] [tk8710_sat_payload_app.c:657:SatPayloadSensitivityRx] RX SENS user=0 rssi=-103 snr=53 freq=20126Hz
[145437] [INFO] [TRM] [tk8710_sat_payload_app.c:657:SatPayloadSensitivityRx] RX SENS user=0 rssi=-103 snr=53 freq=20126Hz
[145752] [INFO] [TRM] [tk8710_sat_payload_app.c:657:SatPayloadSensitivityRx] RX SENS user=0 rssi=-103 snr=53 freq=20126Hz
[146068] [INFO] [TRM] [tk8710_sat_payload_app.c:657:SatPayloadSensitivityRx] RX SENS user=0 rssi=-103 snr=53 freq=20126Hz
[146383] [INFO] [TRM] [tk8710_sat_payload_app.c:657:SatPayloadSensitivityRx] RX SENS user=0 rssi=-103 snr=53 freq=20126Hz
[146698] [INFO] [TRM] [tk8710_sat_payload_app.c:657:SatPayloadSensitivityRx] RX SENS user=0 rssi=-103 snr=53 freq=20126Hz
[147014] [INFO] [TRM] [tk8710_sat_payload_app.c:657:SatPayloadSensitivityRx] RX SENS user=0 rssi=-103 snr=53 freq=20126Hz
[147329] [INFO] [TRM] [tk8710_sat_payload_app.c:657:SatPayloadSensitivityRx] RX SENS user=0 rssi=-103 snr=53 freq=20126Hz
[147644] [INFO] [TRM] [tk8710_sat_payload_app.c:657:SatPayloadSensitivityRx] RX SENS user=0 rssi=-103 snr=53 freq=20126Hz
[147959] [INFO] [TRM] [tk8710_sat_payload_app.c:657:SatPayloadSensitivityRx] RX SENS user=0 rssi=-103 snr=53 freq=20126Hz
[148275] [INFO] [TRM] [tk8710_sat_payload_app.c:657:SatPayloadSensitivityRx] RX SENS user=0 rssi=-103 snr=53 freq=20126Hz
[148590] [INFO] [TRM] [tk8710_sat_payload_app.c:657:SatPayloadSensitivityRx] RX SENS user=0 rssi=-103 snr=53 freq=20126Hz
[148905] [INFO] [TRM] [tk8710_sat_payload_app.c:657:SatPayloadSensitivityRx] RX SENS user=0 rssi=-103 snr=53 freq=20126Hz
[149221] [INFO] [TRM] [tk8710_sat_payload_app.c:657:SatPayloadSensitivityRx] RX SENS user=0 rssi=-103 snr=53 freq=20126Hz
[149536] [INFO] [TRM] [tk8710_sat_payload_app.c:657:SatPayloadSensitivityRx] RX SENS user=0 rssi=-103 snr=53 freq=20126Hz
[149851] [INFO] [TRM] [tk8710_sat_payload_app.c:657:SatPayloadSensitivityRx] RX SENS user=0 rssi=-103 snr=53 freq=20126Hz
[150167] [INFO] [TRM] [tk8710_sat_payload_app.c:657:SatPayloadSensitivityRx] RX SENS user=0 rssi=-103 snr=53 freq=20126Hz
[150482] [INFO] [TRM] [tk8710_sat_payload_app.c:657:SatPayloadSensitivityRx] RX SENS user=0 rssi=-103 snr=53 freq=20126Hz
[150797] [INFO] [TRM] [tk8710_sat_payload_app.c:657:SatPayloadSensitivityRx] RX SENS user=0 rssi=-103 snr=53 freq=20126Hz
[151113] [INFO] [TRM] [tk8710_sat_payload_app.c:657:SatPayloadSensitivityRx] RX SENS user=0 rssi=-103 snr=53 freq=20126Hz
[151428] [INFO] [TRM] [tk8710_sat_payload_app.c:657:SatPayloadSensitivityRx] RX SENS user=0 rssi=-103 snr=53 freq=20126Hz

[HOST 2026-09-28T17:43:53.997199] AT+STATE

STATE=RUNNING MODE=7
OK
SAT> [151743] [INFO] [TRM] [tk8710_sat_payload_app.c:657:SatPayloadSensitivityRx] RX SENS user=0 rssi=-103 snr=53 freq=20126Hz
[152058] [INFO] [TRM] [tk8710_sat_payload_app.c:657:SatPayloadSensitivityRx] RX SENS user=0 rssi=-103 snr=53 freq=20126Hz
[152374] [INFO] [TRM] [tk8710_sat_payload_app.c:657:SatPayloadSensitivityRx] RX SENS user=0 rssi=-103 snr=53 freq=20126Hz
[152689] [INFO] [TRM] [tk8710_sat_payload_app.c:657:SatPayloadSensitivityRx] RX SENS user=0 rssi=-103 snr=53 freq=20126Hz
[153004] [INFO] [TRM] [tk8710_sat_payload_app.c:657:SatPayloadSensitivityRx] RX SENS user=0 rssi=-103 snr=53 freq=20126Hz
[153320] [INFO] [TRM] [tk8710_sat_payload_app.c:657:SatPayloadSensitivityRx] RX SENS user=0 rssi=-103 snr=53 freq=20126Hz
[153635] [INFO] [TRM] [tk8710_sat_payload_app.c:657:SatPayloadSensitivityRx] RX SENS user=0 rssi=-103 snr=53 freq=20126Hz
[153950] [INFO] [TRM] [tk8710_sat_payload_app.c:657:SatPayloadSensitivityRx] RX SENS user=0 rssi=-103 snr=53 freq=20126Hz
[154266] [INFO] [TRM] [tk8710_sat_payload_app.c:657:SatPayloadSensitivityRx] RX SENS user=0 rssi=-103 snr=53 freq=20126Hz

[HOST 2026-09-28T17:43:57.044035] AT+TM
[154581] [INFO] [TRM] [tk8710_sat_payload_app.c:657:SatPayloadSensitivityRx] RX SENS user=0 rssi=-103 snr=53 freq=20126Hz

TM seq=152 uptimeMs=153644 state=RUNNING mode=7 configVersion=3 lastResult=0
TRM tx=0 txOk=0 rx=28 queueFree=0 cache=0 routes=0 gsBeams=0 beamMiss=0
PORT heap=0 peak=0 heapFail=0 spiErr=0 gpioIrq=1483 edge=1483 recovery=0 statusPoll=0 sdram=1
GIO pin=0 callback=1 DIN=0x00000083 FLG=0x00000003 ENA=0x00000008 VIMMASK0=0x00002203
RST pin=1 lowEdge=0 driveLow=9 spiReset=292 portInit=1 spiInit=1 DOUT=0x00000003 DIR=0x00000003
IRQ 359 0 0 382 382 25 0 25 25 0 raw=0x00000000 mask=0x000007E6
RX valid=0 user=0x00000000 rssi=0 snr=0 freqOffset=0
ACM pending=0 running=0 completed=0 last=0
ACM_RESULT valid=0 gen=0 timestampMs=0 validCount=0 antMask=0x00000000 last=0
ACM_FACTOR ant=1 I=0x00000000 Q=0x00000000
ACM_FACTOR ant=2 I=0x00000000 Q=0x00000000
ACM_FACTOR ant=3 I=0x00000000 Q=0x00000000
ACM_FACTOR ant=4 I=0x00000000 Q=0x00000000
ACM_FACTOR ant=5 I=0x00000000 Q=0x00000000
ACM_FACTOR ant=6 I=0x00000000 Q=0x00000000
ACM_FACTOR ant=7 I=0x00000000 Q=0x00000000
ACM_FACTOR ant=8 I=0x00000000 Q=0x00000000
CAP state=0 gen=0 rate=0 valid=0x00000000 bytes=0 errors=0 spiUs=0/0 fftUs=0/0 last=0
CAP noiseDbmHz=0.00,0.00,0.00,0.00,0.00,0.00,0.00,0.00
SWEEP gen=0 active=0 complete=0 points=0/0 last=0
OK
SAT> [154896] [INFO] [TRM] [tk8710_sat_payload_app.c:657:SatPayloadSensitivityRx] RX SENS user=0 rssi=-103 snr=53 freq=20126Hz
[155212] [INFO] [TRM] [tk8710_sat_payload_app.c:657:SatPayloadSensitivityRx] RX SENS user=0 rssi=-103 snr=53 freq=20126Hz
[155527] [INFO] [TRM] [tk8710_sat_payload_app.c:657:SatPayloadSensitivityRx] RX SENS user=0 rssi=-103 snr=53 freq=20126Hz
[155842] [INFO] [TRM] [tk8710_sat_payload_app.c:657:SatPayloadSensitivityRx] RX SENS user=0 rssi=-103 snr=53 freq=20126Hz
[156157] [INFO] [TRM] [tk8710_sat_payload_app.c:657:SatPayloadSensitivityRx] RX SENS user=0 rssi=-103 snr=53 freq=20126Hz
[156473] [INFO] [TRM] [tk8710_sat_payload_app.c:657:SatPayloadSensitivityRx] RX SENS user=0 rssi=-103 snr=53 freq=20126Hz
[156788] [INFO] [TRM] [tk8710_sat_payload_app.c:657:SatPayloadSensitivityRx] RX SENS user=0 rssi=-103 snr=53 freq=20126Hz
[157103] [INFO] [TRM] [tk8710_sat_payload_app.c:657:SatPayloadSensitivityRx] RX SENS user=0 rssi=-103 snr=53 freq=20126Hz
[157419] [INFO] [TRM] [tk8710_sat_payload_app.c:657:SatPayloadSensitivityRx] RX SENS user=0 rssi=-103 snr=53 freq=20126Hz
[157734] [INFO] [TRM] [tk8710_sat_payload_app.c:657:SatPayloadSensitivityRx] RX SENS user=0 rssi=-103 snr=53 freq=20126Hz
[158049] [INFO] [TRM] [tk8710_sat_payload_app.c:657:SatPayloadSensitivityRx] RX SENS user=0 rssi=-103 snr=53 freq=20126Hz
[158365] [INFO] [TRM] [tk8710_sat_payload_app.c:657:SatPayloadSensitivityRx] RX SENS user=0 rssi=-103 snr=53 freq=20126Hz
[158680] [INFO] [TRM] [tk8710_sat_payload_app.c:657:SatPayloadSensitivityRx] RX SENS user=0 rssi=-103 snr=53 freq=20126Hz
[158995] [INFO] [TRM] [tk8710_sat_payload_app.c:657:SatPayloadSensitivityRx] RX SENS user=0 rssi=-103 snr=53 freq=20126Hz
[159310] [INFO] [TRM] [tk8710_sat_payload_app.c:657:SatPayloadSensitivityRx] RX SENS user=0 rssi=-103 snr=53 freq=20126Hz
[159626] [INFO] [TRM] [tk8710_sat_payload_app.c:657:SatPayloadSensitivityRx] RX SENS user=0 rssi=-103 snr=53 freq=20126Hz
[159941] [INFO] [TRM] [tk8710_sat_payload_app.c:657:SatPayloadSensitivityRx] RX SENS user=0 rssi=-103 snr=53 freq=20126Hz
[160256] [INFO] [TRM] [tk8710_sat_payload_app.c:657:SatPayloadSensitivityRx] RX SENS user=0 rssi=-103 snr=53 freq=20126Hz
[160572] [INFO] [TRM] [tk8710_sat_payload_app.c:657:SatPayloadSensitivityRx] RX SENS user=0 rssi=-103 snr=53 freq=20126Hz
[160887] [INFO] [TRM] [tk8710_sat_payload_app.c:657:SatPayloadSensitivityRx] RX SENS user=0 rssi=-103 snr=53 freq=20126Hz
[161202] [INFO] [TRM] [tk8710_sat_payload_app.c:657:SatPayloadSensitivityRx] RX SENS user=0 rssi=-103 snr=53 freq=20126Hz
[161518] [INFO] [TRM] [tk8710_sat_payload_app.c:657:SatPayloadSensitivityRx] RX SENS user=0 rssi=-103 snr=53 freq=20126Hz
[161833] [INFO] [TRM] [tk8710_sat_payload_app.c:657:SatPayloadSensitivityRx] RX SENS user=0 rssi=-103 snr=53 freq=20126Hz
[162148] [INFO] [TRM] [tk8710_sat_payload_app.c:657:SatPayloadSensitivityRx] RX SENS user=0 rssi=-103 snr=53 freq=20126Hz
[162464] [INFO] [TRM] [tk8710_sat_payload_app.c:657:SatPayloadSensitivityRx] RX SENS user=0 rssi=-103 snr=53 freq=20126Hz

[HOST 2026-09-28T17:44:05.145358] AT+STATE

STATE=RUNNING MODE=7
OK
SAT> [162779] [INFO] [TRM] [tk8710_sat_payload_app.c:657:SatPayloadSensitivityRx] RX SENS user=0 rssi=-103 snr=53 freq=20126Hz
[163094] [INFO] [TRM] [tk8710_sat_payload_app.c:657:SatPayloadSensitivityRx] RX SENS user=0 rssi=-103 snr=53 freq=20126Hz
[163409] [INFO] [TRM] [tk8710_sat_payload_app.c:657:SatPayloadSensitivityRx] RX SENS user=0 rssi=-103 snr=53 freq=20126Hz
[163725] [INFO] [TRM] [tk8710_sat_payload_app.c:657:SatPayloadSensitivityRx] RX SENS user=0 rssi=-103 snr=53 freq=20126Hz
[164040] [INFO] [TRM] [tk8710_sat_payload_app.c:657:SatPayloadSensitivityRx] RX SENS user=0 rssi=-103 snr=53 freq=20126Hz
[164355] [INFO] [TRM] [tk8710_sat_payload_app.c:657:SatPayloadSensitivityRx] RX SENS user=0 rssi=-103 snr=53 freq=20126Hz
[164671] [INFO] [TRM] [tk8710_sat_payload_app.c:657:SatPayloadSensitivityRx] RX SENS user=0 rssi=-103 snr=53 freq=20126Hz
[164986] [INFO] [TRM] [tk8710_sat_payload_app.c:657:SatPayloadSensitivityRx] RX SENS user=0 rssi=-103 snr=53 freq=20126Hz
[165301] [INFO] [TRM] [tk8710_sat_payload_app.c:657:SatPayloadSensitivityRx] RX SENS user=0 rssi=-103 snr=53 freq=20126Hz
[165617] [INFO] [TRM] [tk8710_sat_payload_app.c:657:SatPayloadSensitivityRx] RX SENS user=0 rssi=-103 snr=53 freq=20126Hz

[HOST 2026-09-28T17:44:08.189468] AT+TM

TM seq=164 uptimeMs=165644 state=RUNNING mode=7 configVersion=3 lastResult=0
TRM tx=0 txOk=0 rx=66 queueFree=0 cache=0 routes=0 gsBeams=0 beamMiss=0
PORT heap=0 peak=0 heapFail=0 spiErr=0 gpioIrq=1597 edge=1597 recovery=0 statusPoll=0 sdram=1
GIO pin=0 callback=1 DIN=0x00000082 FLG=0x00000003 ENA=0x00000008 VIMMASK0=0x00002203
RST pin=1 lowEdge=0 driveLow=9 spiReset=292 portInit=1 spiInit=1 DOUT=0x00000002 DIR=0x00000003
IRQ 397 0 0 420 420 25 0 25 25 0 raw=0x00000000 mask=0x000007E6
RX valid=0 user=0x00000000 rssi=0 snr=0 freqOffset=0
ACM pending=0 running=0 completed=0 last=0
ACM_RESULT valid=0 gen=0 timestampMs=0 validCount=0 antMask=0x00000000 last=0
ACM_FACTOR ant=1 I=0x00000000 Q=0x00000000
ACM_FACTOR ant=2 I=0x00000000 Q=0x00000000
ACM_FACTOR ant=3 I=0x00000000 Q=0x00000000
ACM_FACTOR ant=4 I=0x00000000 Q=0x00000000
ACM_FACTOR ant=5 I=0x00000000 Q=0x00000000
ACM_FACTOR ant=6 I=0x00000000 Q=0x00000000
ACM_FACTOR ant=7 I=0x00000000 Q=0x00000000
ACM_FACTOR ant=8 I=0x00000000 Q=0x00000000
CAP state=0 gen=0 rate=0 valid=0x00000000 bytes=0 errors=0 spiUs=0/0 fftUs=0/0 last=0
CAP noiseDbmHz=0.00,0.00,0.00,0.00,0.00,0.00,0.00,0.00
SWEEP gen=0 active=0 complete=0 points=0/0 last=0
OK
SAT> [165932] [INFO] [TRM] [tk8710_sat_payload_app.c:657:SatPayloadSensitivityRx] RX SENS user=0 rssi=-103 snr=53 freq=20126Hz
[166247] [INFO] [TRM] [tk8710_sat_payload_app.c:657:SatPayloadSensitivityRx] RX SENS user=0 rssi=-103 snr=53 freq=20126Hz
[166563] [INFO] [TRM] [tk8710_sat_payload_app.c:657:SatPayloadSensitivityRx] RX SENS user=0 rssi=-103 snr=53 freq=20126Hz
[166878] [INFO] [TRM] [tk8710_sat_payload_app.c:657:SatPayloadSensitivityRx] RX SENS user=0 rssi=-103 snr=53 freq=20126Hz
[167193] [INFO] [TRM] [tk8710_sat_payload_app.c:657:SatPayloadSensitivityRx] RX SENS user=0 rssi=-103 snr=53 freq=20126Hz
[167508] [INFO] [TRM] [tk8710_sat_payload_app.c:657:SatPayloadSensitivityRx] RX SENS user=0 rssi=-103 snr=53 freq=20126Hz
[167824] [INFO] [TRM] [tk8710_sat_payload_app.c:657:SatPayloadSensitivityRx] RX SENS user=0 rssi=-103 snr=53 freq=20126Hz
[168139] [INFO] [TRM] [tk8710_sat_payload_app.c:657:SatPayloadSensitivityRx] RX SENS user=0 rssi=-103 snr=53 freq=20126Hz
[168454] [INFO] [TRM] [tk8710_sat_payload_app.c:657:SatPayloadSensitivityRx] RX SENS user=0 rssi=-103 snr=53 freq=20126Hz
[
[HOST 2026-09-28T17:44:11.227084] AT+FPGATM
168770] [INFO] [TRM] [tk8710_sat_payload_app.c:657:SatPayloadSensitivityRx] RX SENS user=0 rssi=-103 snr=53 freq=20126Hz

FPGA_TM rxFrames=0 rxErrors=0 unsupported=0 lastCmd=0x00000000 physicalRx=0 lastPhysicalRx=00 00 00 00 00 00 00 00 00 00
FPGA_PARAM mode=3 rate=0 slotConfig=0 txPower=26 freqHz=509100000 rfMask=255 bootFlag=255 resetCount=16 resetType=0 utcTime=2009-01-01 00:00:00
FPGA_REG device=0x0000 addr=0x0000 value=0x00000000
DT head=0x00040000 tail=0x00040000 ram=2886 pending=2886 active=0 starts=0 built=0 sent=0 sendErr=0 lastBuild=0 lastSend=0 lastLen=0 lastSeq=0 slaveReady=0 slaveOff=0 sp2Proc=0 sp2Rx=0 sp2Pc2Chg=0 sp2FLG=0x00000000 sp2PC2=0x00000000 sp2PC0=0x00000000 sp2PC1=0x00000000 sp2GCR1=0x00000000 dmaStat=0x00000000 dmaPend=0x00000000 dmaEn=0x00000000 dmaBTC=0x00000000 dmaRxRem=0 dmaTxRem=0 dmaStarted=0 dmaRxFirst=0x00000000 dmaRxLast=0x00000000 dmaRxSum=0x00000000
OK
SAT> [169085] [INFO] [TRM] [tk8710_sat_payload_app.c:657:SatPayloadSensitivityRx] RX SENS user=0 rssi=-103 snr=53 freq=20126Hz
[169400] [INFO] [TRM] [tk8710_sat_payload_app.c:657:SatPayloadSensitivityRx] RX SENS user=0 rssi=-103 snr=53 freq=20126Hz
[169716] [INFO] [TRM] [tk8710_sat_payload_app.c:657:SatPayloadSensitivityRx] RX SENS user=0 rssi=-103 snr=53 freq=20126Hz
[170031] [INFO] [TRM] [tk8710_sat_payload_app.c:657:SatPayloadSensitivityRx] RX SENS user=0 rssi=-103 snr=53 freq=20126Hz
[170346] [INFO] [TRM] [tk8710_sat_payload_app.c:657:SatPayloadSensitivityRx] RX SENS user=0 rssi=-103 snr=53 freq=20126Hz
[170661] [INFO] [TRM] [tk8710_sat_payload_app.c:657:SatPayloadSensitivityRx] RX SENS user=0 rssi=-103 snr=53 freq=20126Hz
[170977] [INFO] [TRM] [tk8710_sat_payload_app.c:657:SatPayloadSensitivityRx] RX SENS user=0 rssi=-103 snr=53 freq=20126Hz
[171292] [INFO] [TRM] [tk8710_sat_payload_app.c:657:SatPayloadSensitivityRx] RX SENS user=0 rssi=-103 snr=53 freq=20126Hz
[171607] [INFO] [TRM] [tk8710_sat_payload_app.c:657:SatPayloadSensitivityRx] RX SENS user=0 rssi=-103 snr=53 freq=20126Hz
